N0,N1,Sin,c
3.99627e-05,1.51669e-15,10,1e-05
0.000148337,1.23655e-28,11,1e-05
33.8132,1.11673e-23,12,1e-05
950.75,6.29269,13,1e-05
5191.16,211.013,14,1e-05
1230.67,1533.46,15,1e-05
2639.29,2639.66,16,1e-05
1001.94,4551.61,17,1e-05
760.198,5911.86,18,1e-05
131.572,24682.2,19,1e-05
100.987,643554,20,1e-05
100.23,2.67392e+06,21,1e-05
100.14,4.37251e+06,22,1e-05
100.102,5.97697e+06,23,1e-05
100.081,7.57704e+06,24,1e-05
100.067,9.177e+06,25,1e-05
100.057,1.0777e+07,26,1e-05
100.049,1.23769e+07,27,1e-05
100.044,1.39769e+07,28,1e-05
100.039,1.55769e+07,29,1e-05
100.036,1.71769e+07,30,1e-05
100.033,1.87769e+07,31,1e-05
100.03,2.03769e+07,32,1e-05
100.028,2.19769e+07,33,1e-05
100.026,2.35769e+07,34,1e-05
100.024,2.51769e+07,35,1e-05
100.023,2.67769e+07,36,1e-05
100.022,2.83769e+07,37,1e-05
100.02,2.99768e+07,38,1e-05
100.019,3.15768e+07,39,1e-05
100.018,3.31768e+07,40,1e-05
100.018,3.47768e+07,41,1e-05
100.017,3.63768e+07,42,1e-05
100.016,3.79768e+07,43,1e-05
100.015,3.95768e+07,44,1e-05
100.015,4.11768e+07,45,1e-05
100.014,4.27768e+07,46,1e-05
100.014,4.43768e+07,47,1e-05
100.013,4.59768e+07,48,1e-05
100.013,4.75768e+07,49,1e-05
100.012,4.91768e+07,50,1e-05
100.012,5.07768e+07,51,1e-05
100.012,5.23768e+07,52,1e-05
100.011,5.39768e+07,53,1e-05
100.011,5.55768e+07,54,1e-05
100.011,5.71768e+07,55,1e-05
100.01,5.87768e+07,56,1e-05
100.01,6.03768e+07,57,1e-05
100.01,6.19768e+07,58,1e-05
100.01,6.35768e+07,59,1e-05
100.009,6.51768e+07,60,1e-05
100.009,6.67768e+07,61,1e-05
100.009,6.83768e+07,62,1e-05
100.009,6.99768e+07,63,1e-05
100.009,7.15768e+07,64,1e-05
100.008,7.31768e+07,65,1e-05
100.008,7.47768e+07,66,1e-05
100.008,7.63768e+07,67,1e-05
100.008,7.79768e+07,68,1e-05
100.008,7.95768e+07,69,1e-05
100.008,8.11768e+07,70,1e-05
100.007,8.27768e+07,71,1e-05
100.007,8.43768e+07,72,1e-05
100.007,8.59768e+07,73,1e-05
100.007,8.75768e+07,74,1e-05
100.007,8.91768e+07,75,1e-05
100.007,9.07768e+07,76,1e-05
100.007,9.23768e+07,77,1e-05
100.007,9.39768e+07,78,1e-05
100.006,9.55768e+07,79,1e-05
100.006,9.71768e+07,80,1e-05
100.006,9.87768e+07,81,1e-05
100.006,1.00377e+08,82,1e-05
100.006,1.01977e+08,83,1e-05
100.006,1.03577e+08,84,1e-05
100.006,1.05177e+08,85,1e-05
100.006,1.06777e+08,86,1e-05
100.006,1.08377e+08,87,1e-05
100.006,1.09977e+08,88,1e-05
100.005,1.11577e+08,89,1e-05
100.005,1.13177e+08,90,1e-05
100.005,1.14777e+08,91,1e-05
100.005,1.16377e+08,92,1e-05
100.005,1.17977e+08,93,1e-05
100.005,1.19577e+08,94,1e-05
100.005,1.21177e+08,95,1e-05
100.005,1.22777e+08,96,1e-05
100.005,1.24377e+08,97,1e-05
100.005,1.25977e+08,98,1e-05
100.005,1.27577e+08,99,1e-05
100.005,1.29177e+08,100,1e-05
100.005,1.30777e+08,101,1e-05
100.005,1.32377e+08,102,1e-05
100.005,1.33977e+08,103,1e-05
100.005,1.35577e+08,104,1e-05
100.004,1.37177e+08,105,1e-05
100.004,1.38777e+08,106,1e-05
100.004,1.40377e+08,107,1e-05
100.004,1.41977e+08,108,1e-05
100.004,1.43577e+08,109,1e-05
100.004,1.45177e+08,110,1e-05
100.004,1.46777e+08,111,1e-05
100.004,1.48377e+08,112,1e-05
100.004,1.49977e+08,113,1e-05
100.004,1.51577e+08,114,1e-05
100.004,1.53177e+08,115,1e-05
100.004,1.54777e+08,116,1e-05
100.004,1.56377e+08,117,1e-05
100.004,1.57977e+08,118,1e-05
100.004,1.59577e+08,119,1e-05
100.004,1.61177e+08,120,1e-05
100.004,1.62777e+08,121,1e-05
100.004,1.64377e+08,122,1e-05
100.004,1.65977e+08,123,1e-05
100.004,1.67577e+08,124,1e-05
100.004,1.69177e+08,125,1e-05
100.004,1.70777e+08,126,1e-05
100.004,1.72377e+08,127,1e-05
100.004,1.73977e+08,128,1e-05
100.003,1.75577e+08,129,1e-05
100.003,1.77177e+08,130,1e-05
100.003,1.78777e+08,131,1e-05
100.003,1.80377e+08,132,1e-05
100.003,1.81977e+08,133,1e-05
100.003,1.83577e+08,134,1e-05
100.003,1.85177e+08,135,1e-05
100.003,1.86777e+08,136,1e-05
100.003,1.88377e+08,137,1e-05
100.003,1.89977e+08,138,1e-05
100.003,1.91577e+08,139,1e-05
100.003,1.93177e+08,140,1e-05
100.003,1.94777e+08,141,1e-05
100.003,1.96377e+08,142,1e-05
100.003,1.97977e+08,143,1e-05
100.003,1.99577e+08,144,1e-05
100.003,2.01177e+08,145,1e-05
100.003,2.02777e+08,146,1e-05
100.003,2.04377e+08,147,1e-05
100.003,2.05977e+08,148,1e-05
100.003,2.07577e+08,149,1e-05
100.003,2.09177e+08,150,1e-05
4.34794e-05,2.01064e-15,10,3.16228e-06
0.00014778,1.2046e-28,11,3.16228e-06
33.8363,1.03857e-23,12,3.16228e-06
832.932,635.594,13,3.16228e-06
4895.06,862.938,14,3.16228e-06
2304.79,10015.7,15,3.16228e-06
4778.62,8189.98,16,3.16228e-06
2791.94,16257,17,3.16228e-06
2262.29,18745.2,18,3.16228e-06
428.29,71285.6,19,3.16228e-06
322.664,979572,20,3.16228e-06
318.47,2.74884e+06,21,3.16228e-06
317.63,4.37662e+06,22,3.16228e-06
317.253,5.97758e+06,23,3.16228e-06
317.036,7.5774e+06,24,3.16228e-06
316.895,9.17725e+06,25,3.16228e-06
316.796,1.07772e+07,26,3.16228e-06
316.722,1.23771e+07,27,3.16228e-06
316.666,1.3977e+07,28,3.16228e-06
316.621,1.5577e+07,29,3.16228e-06
316.584,1.71769e+07,30,3.16228e-06
316.554,1.87769e+07,31,3.16228e-06
316.528,2.03769e+07,32,3.16228e-06
316.506,2.19769e+07,33,3.16228e-06
316.487,2.35768e+07,34,3.16228e-06
316.471,2.51768e+07,35,3.16228e-06
316.456,2.67768e+07,36,3.16228e-06
316.443,2.83768e+07,37,3.16228e-06
316.432,2.99768e+07,38,3.16228e-06
316.421,3.15768e+07,39,3.16228e-06
316.412,3.31768e+07,40,3.16228e-06
316.404,3.47767e+07,41,3.16228e-06
316.396,3.63767e+07,42,3.16228e-06
316.389,3.79767e+07,43,3.16228e-06
316.382,3.95767e+07,44,3.16228e-06
316.376,4.11767e+07,45,3.16228e-06
316.371,4.27767e+07,46,3.16228e-06
316.366,4.43767e+07,47,3.16228e-06
316.361,4.59767e+07,48,3.16228e-06
316.356,4.75767e+07,49,3.16228e-06
316.352,4.91767e+07,50,3.16228e-06
316.348,5.07767e+07,51,3.16228e-06
316.344,5.23767e+07,52,3.16228e-06
316.341,5.39767e+07,53,3.16228e-06
316.338,5.55767e+07,54,3.16228e-06
316.335,5.71767e+07,55,3.16228e-06
316.332,5.87767e+07,56,3.16228e-06
316.329,6.03767e+07,57,3.16228e-06
316.326,6.19767e+07,58,3.16228e-06
316.324,6.35767e+07,59,3.16228e-06
316.322,6.51767e+07,60,3.16228e-06
316.319,6.67767e+07,61,3.16228e-06
316.317,6.83767e+07,62,3.16228e-06
316.315,6.99767e+07,63,3.16228e-06
316.313,7.15767e+07,64,3.16228e-06
316.311,7.31767e+07,65,3.16228e-06
316.31,7.47767e+07,66,3.16228e-06
316.308,7.63766e+07,67,3.16228e-06
316.306,7.79766e+07,68,3.16228e-06
316.305,7.95766e+07,69,3.16228e-06
316.303,8.11766e+07,70,3.16228e-06
316.302,8.27766e+07,71,3.16228e-06
316.3,8.43766e+07,72,3.16228e-06
316.299,8.59766e+07,73,3.16228e-06
316.298,8.75766e+07,74,3.16228e-06
316.296,8.91766e+07,75,3.16228e-06
316.295,9.07766e+07,76,3.16228e-06
316.294,9.23766e+07,77,3.16228e-06
316.293,9.39766e+07,78,3.16228e-06
316.292,9.55766e+07,79,3.16228e-06
316.291,9.71766e+07,80,3.16228e-06
316.29,9.87766e+07,81,3.16228e-06
316.289,1.00377e+08,82,3.16228e-06
316.288,1.01977e+08,83,3.16228e-06
316.287,1.03577e+08,84,3.16228e-06
316.286,1.05177e+08,85,3.16228e-06
316.285,1.06777e+08,86,3.16228e-06
316.284,1.08377e+08,87,3.16228e-06
316.283,1.09977e+08,88,3.16228e-06
316.283,1.11577e+08,89,3.16228e-06
316.282,1.13177e+08,90,3.16228e-06
316.281,1.14777e+08,91,3.16228e-06
316.28,1.16377e+08,92,3.16228e-06
316.28,1.17977e+08,93,3.16228e-06
316.279,1.19577e+08,94,3.16228e-06
316.278,1.21177e+08,95,3.16228e-06
316.278,1.22777e+08,96,3.16228e-06
316.277,1.24377e+08,97,3.16228e-06
316.276,1.25977e+08,98,3.16228e-06
316.276,1.27577e+08,99,3.16228e-06
316.275,1.29177e+08,100,3.16228e-06
316.275,1.30777e+08,101,3.16228e-06
316.274,1.32377e+08,102,3.16228e-06
316.273,1.33977e+08,103,3.16228e-06
316.273,1.35577e+08,104,3.16228e-06
316.272,1.37177e+08,105,3.16228e-06
316.272,1.38777e+08,106,3.16228e-06
316.271,1.40377e+08,107,3.16228e-06
316.271,1.41977e+08,108,3.16228e-06
316.27,1.43577e+08,109,3.16228e-06
316.27,1.45177e+08,110,3.16228e-06
316.269,1.46777e+08,111,3.16228e-06
316.269,1.48377e+08,112,3.16228e-06
316.269,1.49977e+08,113,3.16228e-06
316.268,1.51577e+08,114,3.16228e-06
316.268,1.53177e+08,115,3.16228e-06
316.267,1.54777e+08,116,3.16228e-06
316.267,1.56377e+08,117,3.16228e-06
316.266,1.57977e+08,118,3.16228e-06
316.266,1.59577e+08,119,3.16228e-06
316.266,1.61177e+08,120,3.16228e-06
316.265,1.62777e+08,121,3.16228e-06
316.265,1.64377e+08,122,3.16228e-06
316.265,1.65977e+08,123,3.16228e-06
316.264,1.67577e+08,124,3.16228e-06
316.264,1.69177e+08,125,3.16228e-06
316.264,1.70777e+08,126,3.16228e-06
316.263,1.72377e+08,127,3.16228e-06
316.263,1.73977e+08,128,3.16228e-06
316.263,1.75577e+08,129,3.16228e-06
316.262,1.77177e+08,130,3.16228e-06
316.262,1.78777e+08,131,3.16228e-06
316.262,1.80377e+08,132,3.16228e-06
316.261,1.81977e+08,133,3.16228e-06
316.261,1.83577e+08,134,3.16228e-06
316.261,1.85177e+08,135,3.16228e-06
316.26,1.86777e+08,136,3.16228e-06
316.26,1.88377e+08,137,3.16228e-06
316.26,1.89977e+08,138,3.16228e-06
316.26,1.91577e+08,139,3.16228e-06
316.259,1.93177e+08,140,3.16228e-06
316.259,1.94777e+08,141,3.16228e-06
316.259,1.96377e+08,142,3.16228e-06
316.259,1.97977e+08,143,3.16228e-06
316.258,1.99577e+08,144,3.16228e-06
316.258,2.01177e+08,145,3.16228e-06
316.258,2.02777e+08,146,3.16228e-06
316.258,2.04377e+08,147,3.16228e-06
316.257,2.05977e+08,148,3.16228e-06
316.257,2.07577e+08,149,3.16228e-06
316.257,2.09177e+08,150,3.16228e-06
4.00421e-05,1.52561e-15,10,1e-06
0.000147457,1.18487e-28,11,1e-06
33.7489,1.05896e-23,12,1e-06
1108.92,104863,13,1e-06
5704.51,10799.2,14,1e-06
10487.3,64049.3,15,1e-06
10342.4,31950.4,16,1e-06
9030.14,55824.1,17,1e-06
7363.42,58601.9,18,1e-06
1587.26,157763,19,1e-06
1055.29,1.16697e+06,20,1e-06
1022.51,2.77617e+06,21,1e-06
1014.15,4.38011e+06,22,1e-06
1010.32,5.97922e+06,23,1e-06
1008.13,7.57852e+06,24,1e-06
1006.7,9.17806e+06,25,1e-06
1005.7,1.07777e+07,26,1e-06
1004.96,1.23775e+07,27,1e-06
1004.39,1.39773e+07,28,1e-06
1003.94,1.55772e+07,29,1e-06
1003.57,1.7177e+07,30,1e-06
1003.27,1.87769e+07,31,1e-06
1003.01,2.03769e+07,32,1e-06
1002.79,2.19768e+07,33,1e-06
1002.6,2.35767e+07,34,1e-06
1002.43,2.51767e+07,35,1e-06
1002.29,2.67766e+07,36,1e-06
1002.16,2.83766e+07,37,1e-06
1002.04,2.99765e+07,38,1e-06
1001.94,3.15765e+07,39,1e-06
1001.85,3.31765e+07,40,1e-06
1001.76,3.47765e+07,41,1e-06
1001.68,3.63764e+07,42,1e-06
1001.61,3.79764e+07,43,1e-06
1001.55,3.95764e+07,44,1e-06
1001.49,4.11764e+07,45,1e-06
1001.43,4.27763e+07,46,1e-06
1001.38,4.43763e+07,47,1e-06
1001.33,4.59763e+07,48,1e-06
1001.29,4.75763e+07,49,1e-06
1001.24,4.91763e+07,50,1e-06
1001.2,5.07763e+07,51,1e-06
1001.17,5.23763e+07,52,1e-06
1001.13,5.39763e+07,53,1e-06
1001.1,5.55762e+07,54,1e-06
1001.07,5.71762e+07,55,1e-06
1001.04,5.87762e+07,56,1e-06
1001.01,6.03762e+07,57,1e-06
1000.99,6.19762e+07,58,1e-06
1000.96,6.35762e+07,59,1e-06
1000.94,6.51762e+07,60,1e-06
1000.92,6.67762e+07,61,1e-06
1000.89,6.83762e+07,62,1e-06
1000.87,6.99762e+07,63,1e-06
1000.85,7.15762e+07,64,1e-06
1000.84,7.31762e+07,65,1e-06
1000.82,7.47761e+07,66,1e-06
1000.8,7.63761e+07,67,1e-06
1000.78,7.79761e+07,68,1e-06
1000.77,7.95761e+07,69,1e-06
1000.75,8.11761e+07,70,1e-06
1000.74,8.27761e+07,71,1e-06
1000.72,8.43761e+07,72,1e-06
1000.71,8.59761e+07,73,1e-06
1000.7,8.75761e+07,74,1e-06
1000.69,8.91761e+07,75,1e-06
1000.67,9.07761e+07,76,1e-06
1000.66,9.23761e+07,77,1e-06
1000.65,9.39761e+07,78,1e-06
1000.64,9.55761e+07,79,1e-06
1000.63,9.71761e+07,80,1e-06
1000.62,9.87761e+07,81,1e-06
1000.61,1.00376e+08,82,1e-06
1000.6,1.01976e+08,83,1e-06
1000.59,1.03576e+08,84,1e-06
1000.58,1.05176e+08,85,1e-06
1000.57,1.06776e+08,86,1e-06
1000.56,1.08376e+08,87,1e-06
1000.56,1.09976e+08,88,1e-06
1000.55,1.11576e+08,89,1e-06
1000.54,1.13176e+08,90,1e-06
1000.53,1.14776e+08,91,1e-06
1000.53,1.16376e+08,92,1e-06
1000.52,1.17976e+08,93,1e-06
1000.51,1.19576e+08,94,1e-06
1000.5,1.21176e+08,95,1e-06
1000.5,1.22776e+08,96,1e-06
1000.49,1.24376e+08,97,1e-06
1000.49,1.25976e+08,98,1e-06
1000.48,1.27576e+08,99,1e-06
1000.47,1.29176e+08,100,1e-06
1000.47,1.30776e+08,101,1e-06
1000.46,1.32376e+08,102,1e-06
1000.46,1.33976e+08,103,1e-06
1000.45,1.35576e+08,104,1e-06
1000.45,1.37176e+08,105,1e-06
1000.44,1.38776e+08,106,1e-06
1000.44,1.40376e+08,107,1e-06
1000.43,1.41976e+08,108,1e-06
1000.43,1.43576e+08,109,1e-06
1000.42,1.45176e+08,110,1e-06
1000.42,1.46776e+08,111,1e-06
1000.41,1.48376e+08,112,1e-06
1000.41,1.49976e+08,113,1e-06
1000.4,1.51576e+08,114,1e-06
1000.4,1.53176e+08,115,1e-06
1000.39,1.54776e+08,116,1e-06
1000.39,1.56376e+08,117,1e-06
1000.39,1.57976e+08,118,1e-06
1000.38,1.59576e+08,119,1e-06
1000.38,1.61176e+08,120,1e-06
1000.38,1.62776e+08,121,1e-06
1000.37,1.64376e+08,122,1e-06
1000.37,1.65976e+08,123,1e-06
1000.36,1.67576e+08,124,1e-06
1000.36,1.69176e+08,125,1e-06
1000.36,1.70776e+08,126,1e-06
1000.35,1.72376e+08,127,1e-06
1000.35,1.73976e+08,128,1e-06
1000.35,1.75576e+08,129,1e-06
1000.35,1.77176e+08,130,1e-06
1000.34,1.78776e+08,131,1e-06
1000.34,1.80376e+08,132,1e-06
1000.34,1.81976e+08,133,1e-06
1000.33,1.83576e+08,134,1e-06
1000.33,1.85176e+08,135,1e-06
1000.33,1.86776e+08,136,1e-06
1000.32,1.88376e+08,137,1e-06
1000.32,1.89976e+08,138,1e-06
1000.32,1.91576e+08,139,1e-06
1000.32,1.93176e+08,140,1e-06
1000.31,1.94776e+08,141,1e-06
1000.31,1.96376e+08,142,1e-06
1000.31,1.97976e+08,143,1e-06
1000.31,1.99576e+08,144,1e-06
1000.3,2.01176e+08,145,1e-06
1000.3,2.02776e+08,146,1e-06
1000.3,2.04376e+08,147,1e-06
1000.3,2.05976e+08,148,1e-06
1000.29,2.07576e+08,149,1e-06
1000.29,2.09176e+08,150,1e-06
4.2186e-05,1.84532e-15,10,3.16228e-07
0.00014812,1.22426e-28,11,3.16228e-07
33.9425,9.66176e-24,12,3.16228e-07
972240,2.29357e-07,13,3.16228e-07
20840.9,186910,14,3.16228e-07
124540,231266,15,3.16228e-07
30973.3,117408,16,3.16228e-07
29869.2,169532,17,3.16228e-07
28881,182323,18,3.16228e-07
8391.5,291639,19,3.16228e-07
3728.84,1.26493e+06,20,3.16228e-07
3396.59,2.79761e+06,21,3.16228e-07
3307.82,4.38852e+06,22,3.16228e-07
3267.74,5.98448e+06,23,3.16228e-07
3244.94,7.58216e+06,24,3.16228e-07
3230.25,9.18066e+06,25,3.16228e-07
3219.98,1.07796e+07,26,3.16228e-07
3212.41,1.23788e+07,27,3.16228e-07
3206.6,1.39782e+07,28,3.16228e-07
3201.99,1.55778e+07,29,3.16228e-07
3198.25,1.71774e+07,30,3.16228e-07
3195.16,1.87771e+07,31,3.16228e-07
3192.55,2.03768e+07,32,3.16228e-07
3190.33,2.19766e+07,33,3.16228e-07
3188.41,2.35764e+07,34,3.16228e-07
3186.74,2.51762e+07,35,3.16228e-07
3185.26,2.67761e+07,36,3.16228e-07
3183.96,2.83759e+07,37,3.16228e-07
3182.79,2.99758e+07,38,3.16228e-07
3181.75,3.15757e+07,39,3.16228e-07
3180.8,3.31756e+07,40,3.16228e-07
3179.95,3.47755e+07,41,3.16228e-07
3179.17,3.63754e+07,42,3.16228e-07
3178.45,3.79754e+07,43,3.16228e-07
3177.79,3.95753e+07,44,3.16228e-07
3177.19,4.11752e+07,45,3.16228e-07
3176.63,4.27752e+07,46,3.16228e-07
3176.11,4.43751e+07,47,3.16228e-07
3175.62,4.59751e+07,48,3.16228e-07
3175.17,4.7575e+07,49,3.16228e-07
3174.75,4.9175e+07,50,3.16228e-07
3174.36,5.0775e+07,51,3.16228e-07
3173.99,5.23749e+07,52,3.16228e-07
3173.64,5.39749e+07,53,3.16228e-07
3173.31,5.55748e+07,54,3.16228e-07
3173,5.71748e+07,55,3.16228e-07
3172.71,5.87748e+07,56,3.16228e-07
3172.43,6.03748e+07,57,3.16228e-07
3172.17,6.19747e+07,58,3.16228e-07
3171.92,6.35747e+07,59,3.16228e-07
3171.68,6.51747e+07,60,3.16228e-07
3171.46,6.67747e+07,61,3.16228e-07
3171.24,6.83746e+07,62,3.16228e-07
3171.03,6.99746e+07,63,3.16228e-07
3170.84,7.15746e+07,64,3.16228e-07
3170.65,7.31746e+07,65,3.16228e-07
3170.47,7.47746e+07,66,3.16228e-07
3170.3,7.63745e+07,67,3.16228e-07
3170.13,7.79745e+07,68,3.16228e-07
3169.98,7.95745e+07,69,3.16228e-07
3169.82,8.11745e+07,70,3.16228e-07
3169.68,8.27745e+07,71,3.16228e-07
3169.54,8.43745e+07,72,3.16228e-07
3169.4,8.59744e+07,73,3.16228e-07
3169.27,8.75744e+07,74,3.16228e-07
3169.15,8.91744e+07,75,3.16228e-07
3169.02,9.07744e+07,76,3.16228e-07
3168.91,9.23744e+07,77,3.16228e-07
3168.79,9.39744e+07,78,3.16228e-07
3168.68,9.55744e+07,79,3.16228e-07
3168.58,9.71744e+07,80,3.16228e-07
3168.48,9.87744e+07,81,3.16228e-07
3168.38,1.00374e+08,82,3.16228e-07
3168.28,1.01974e+08,83,3.16228e-07
3168.19,1.03574e+08,84,3.16228e-07
3168.1,1.05174e+08,85,3.16228e-07
3168.01,1.06774e+08,86,3.16228e-07
3167.93,1.08374e+08,87,3.16228e-07
3167.84,1.09974e+08,88,3.16228e-07
3167.76,1.11574e+08,89,3.16228e-07
3167.69,1.13174e+08,90,3.16228e-07
3167.61,1.14774e+08,91,3.16228e-07
3167.54,1.16374e+08,92,3.16228e-07
3167.47,1.17974e+08,93,3.16228e-07
3167.4,1.19574e+08,94,3.16228e-07
3167.33,1.21174e+08,95,3.16228e-07
3167.26,1.22774e+08,96,3.16228e-07
3167.2,1.24374e+08,97,3.16228e-07
3167.14,1.25974e+08,98,3.16228e-07
3167.08,1.27574e+08,99,3.16228e-07
3167.02,1.29174e+08,100,3.16228e-07
3166.96,1.30774e+08,101,3.16228e-07
3166.9,1.32374e+08,102,3.16228e-07
3166.85,1.33974e+08,103,3.16228e-07
3166.79,1.35574e+08,104,3.16228e-07
3166.74,1.37174e+08,105,3.16228e-07
3166.69,1.38774e+08,106,3.16228e-07
3166.64,1.40374e+08,107,3.16228e-07
3166.59,1.41974e+08,108,3.16228e-07
3166.54,1.43574e+08,109,3.16228e-07
3166.49,1.45174e+08,110,3.16228e-07
3166.45,1.46774e+08,111,3.16228e-07
3166.4,1.48374e+08,112,3.16228e-07
3166.36,1.49974e+08,113,3.16228e-07
3166.31,1.51574e+08,114,3.16228e-07
3166.27,1.53174e+08,115,3.16228e-07
3166.23,1.54774e+08,116,3.16228e-07
3166.19,1.56374e+08,117,3.16228e-07
3166.15,1.57974e+08,118,3.16228e-07
3166.11,1.59574e+08,119,3.16228e-07
3166.07,1.61174e+08,120,3.16228e-07
3166.04,1.62774e+08,121,3.16228e-07
3166,1.64374e+08,122,3.16228e-07
3165.96,1.65974e+08,123,3.16228e-07
3165.93,1.67574e+08,124,3.16228e-07
3165.89,1.69174e+08,125,3.16228e-07
3165.86,1.70774e+08,126,3.16228e-07
3165.83,1.72374e+08,127,3.16228e-07
3165.79,1.73974e+08,128,3.16228e-07
3165.76,1.75574e+08,129,3.16228e-07
3165.73,1.77174e+08,130,3.16228e-07
3165.7,1.78774e+08,131,3.16228e-07
3165.67,1.80374e+08,132,3.16228e-07
3165.64,1.81974e+08,133,3.16228e-07
3165.61,1.83574e+08,134,3.16228e-07
3165.58,1.85174e+08,135,3.16228e-07
3165.55,1.86774e+08,136,3.16228e-07
3165.53,1.88374e+08,137,3.16228e-07
3165.5,1.89974e+08,138,3.16228e-07
3165.47,1.91574e+08,139,3.16228e-07
3165.44,1.93174e+08,140,3.16228e-07
3165.42,1.94774e+08,141,3.16228e-07
3165.39,1.96374e+08,142,3.16228e-07
3165.37,1.97974e+08,143,3.16228e-07
3165.34,1.99574e+08,144,3.16228e-07
3165.32,2.01174e+08,145,3.16228e-07
3165.29,2.02774e+08,146,3.16228e-07
3165.27,2.04374e+08,147,3.16228e-07
3165.25,2.05974e+08,148,3.16228e-07
3165.22,2.07574e+08,149,3.16228e-07
3165.2,2.09174e+08,150,3.16228e-07
4.00435e-05,1.52569e-15,10,1e-07
0.000147606,1.19344e-28,11,1e-07
33.7048,1.0718e-23,12,1e-07
972240,8.92206e-16,13,1e-07
880065,19832.3,14,1e-07
621182,232697,15,1e-07
126474,368079,16,1e-07
120094,439675,17,1e-07
97152,598549,18,1e-07
47326.2,721796,19,1e-07
17323.9,1.42255e+06,20,1e-07
12707.4,2.85383e+06,21,1e-07
11600.1,4.41741e+06,22,1e-07
11130.9,6.00258e+06,23,1e-07
10873.6,7.59446e+06,24,1e-07
10711.4,9.18935e+06,25,1e-07
10599.9,1.07858e+07,26,1e-07
10518.6,1.23833e+07,27,1e-07
10456.7,1.39813e+07,28,1e-07
10407.9,1.55798e+07,29,1e-07
10368.6,1.71785e+07,30,1e-07
10336.2,1.87775e+07,31,1e-07
10309,2.03766e+07,32,1e-07
10285.9,2.19759e+07,33,1e-07
10266,2.35753e+07,34,1e-07
10248.7,2.51747e+07,35,1e-07
10233.5,2.67743e+07,36,1e-07
10220,2.83738e+07,37,1e-07
10208,2.99735e+07,38,1e-07
10197.3,3.15731e+07,39,1e-07
10187.6,3.31728e+07,40,1e-07
10178.8,3.47725e+07,41,1e-07
10170.8,3.63723e+07,42,1e-07
10163.5,3.7972e+07,43,1e-07
10156.8,3.95718e+07,44,1e-07
10150.6,4.11716e+07,45,1e-07
10144.9,4.27715e+07,46,1e-07
10139.6,4.43713e+07,47,1e-07
10134.7,4.59711e+07,48,1e-07
10130.1,4.7571e+07,49,1e-07
10125.8,4.91709e+07,50,1e-07
10121.8,5.07707e+07,51,1e-07
10118,5.23706e+07,52,1e-07
10114.5,5.39705e+07,53,1e-07
10111.2,5.55704e+07,54,1e-07
10108,5.71703e+07,55,1e-07
10105.1,5.87702e+07,56,1e-07
10102.2,6.03701e+07,57,1e-07
10099.6,6.197e+07,58,1e-07
10097,6.35699e+07,59,1e-07
10094.6,6.51699e+07,60,1e-07
10092.4,6.67698e+07,61,1e-07
10090.2,6.83697e+07,62,1e-07
10088.1,6.99697e+07,63,1e-07
10086.1,7.15696e+07,64,1e-07
10084.2,7.31695e+07,65,1e-07
10082.4,7.47695e+07,66,1e-07
10080.7,7.63694e+07,67,1e-07
10079,7.79694e+07,68,1e-07
10077.4,7.95693e+07,69,1e-07
10075.8,8.11693e+07,70,1e-07
10074.4,8.27692e+07,71,1e-07
10073,8.43692e+07,72,1e-07
10071.6,8.59691e+07,73,1e-07
10070.3,8.75691e+07,74,1e-07
10069,8.91691e+07,75,1e-07
10067.8,9.0769e+07,76,1e-07
10066.6,9.2369e+07,77,1e-07
10065.5,9.3969e+07,78,1e-07
10064.3,9.55689e+07,79,1e-07
10063.3,9.71689e+07,80,1e-07
10062.3,9.87688e+07,81,1e-07
10061.3,1.00369e+08,82,1e-07
10060.3,1.01969e+08,83,1e-07
10059.3,1.03569e+08,84,1e-07
10058.4,1.05169e+08,85,1e-07
10057.6,1.06769e+08,86,1e-07
10056.7,1.08369e+08,87,1e-07
10055.9,1.09969e+08,88,1e-07
10055.1,1.11569e+08,89,1e-07
10054.3,1.13169e+08,90,1e-07
10053.5,1.14769e+08,91,1e-07
10052.8,1.16369e+08,92,1e-07
10052.1,1.17969e+08,93,1e-07
10051.4,1.19569e+08,94,1e-07
10050.7,1.21168e+08,95,1e-07
10050,1.22768e+08,96,1e-07
10049.4,1.24368e+08,97,1e-07
10048.7,1.25968e+08,98,1e-07
10048.1,1.27568e+08,99,1e-07
10047.5,1.29168e+08,100,1e-07
10046.9,1.30768e+08,101,1e-07
10046.4,1.32368e+08,102,1e-07
10045.8,1.33968e+08,103,1e-07
10045.3,1.35568e+08,104,1e-07
10044.7,1.37168e+08,105,1e-07
10044.2,1.38768e+08,106,1e-07
10043.7,1.40368e+08,107,1e-07
10043.2,1.41968e+08,108,1e-07
10042.7,1.43568e+08,109,1e-07
10042.3,1.45168e+08,110,1e-07
10041.8,1.46768e+08,111,1e-07
10041.4,1.48368e+08,112,1e-07
10040.9,1.49968e+08,113,1e-07
10040.5,1.51568e+08,114,1e-07
10040.1,1.53168e+08,115,1e-07
10039.6,1.54768e+08,116,1e-07
10039.2,1.56368e+08,117,1e-07
10038.8,1.57968e+08,118,1e-07
10038.4,1.59568e+08,119,1e-07
10038.1,1.61168e+08,120,1e-07
10037.7,1.62768e+08,121,1e-07
10037.3,1.64368e+08,122,1e-07
10037,1.65968e+08,123,1e-07
10036.6,1.67568e+08,124,1e-07
10036.3,1.69168e+08,125,1e-07
10035.9,1.70768e+08,126,1e-07
10035.6,1.72368e+08,127,1e-07
10035.2,1.73968e+08,128,1e-07
10034.9,1.75568e+08,129,1e-07
10034.6,1.77168e+08,130,1e-07
10034.3,1.78768e+08,131,1e-07
10034,1.80368e+08,132,1e-07
10033.7,1.81968e+08,133,1e-07
10033.4,1.83568e+08,134,1e-07
10033.1,1.85168e+08,135,1e-07
10032.8,1.86768e+08,136,1e-07
10032.5,1.88368e+08,137,1e-07
10032.3,1.89968e+08,138,1e-07
10032,1.91568e+08,139,1e-07
10031.7,1.93168e+08,140,1e-07
10031.5,1.94768e+08,141,1e-07
10031.2,1.96368e+08,142,1e-07
10031,1.97968e+08,143,1e-07
10030.7,1.99568e+08,144,1e-07
10030.5,2.01168e+08,145,1e-07
10030.2,2.02768e+08,146,1e-07
10030,2.04368e+08,147,1e-07
10029.8,2.05968e+08,148,1e-07
10029.5,2.07568e+08,149,1e-07
10029.3,2.09168e+08,150,1e-07
3.97949e-05,1.49364e-15,10,3.16228e-08
0.000147615,1.19395e-28,11,3.16228e-08
33.9384,9.654e-24,12,3.16228e-08
972240,1.95423e-18,13,3.16228e-08
3.67645e+06,3.80279,14,3.16228e-08
921868,899697,15,3.16228e-08
871499,1.15417e+06,16,3.16228e-08
620923,1.21896e+06,17,3.16228e-08
458067,1.50479e+06,18,3.16228e-08
292282,1.83862e+06,19,3.16228e-08
155383,2.25358e+06,20,3.16228e-08
77808.2,3.16918e+06,21,3.16228e-08
54394,4.55575e+06,22,3.16228e-08
46176.8,6.08012e+06,23,3.16228e-08
42235.8,7.64372e+06,24,3.16228e-08
39954.8,9.22261e+06,25,3.16228e-08
38474.5,1.08089e+07,26,3.16228e-08
37438.2,1.23993e+07,27,3.16228e-08
36673.1,1.39922e+07,28,3.16228e-08
36085.3,1.55867e+07,29,3.16228e-08
35619.7,1.71824e+07,30,3.16228e-08
35241.9,1.87789e+07,31,3.16228e-08
34929.2,2.0376e+07,32,3.16228e-08
34666.2,2.19736e+07,33,3.16228e-08
34441.9,2.35715e+07,34,3.16228e-08
34248.4,2.51697e+07,35,3.16228e-08
34079.7,2.67681e+07,36,3.16228e-08
33931.3,2.83667e+07,37,3.16228e-08
33799.8,2.99655e+07,38,3.16228e-08
33682.5,3.15644e+07,39,3.16228e-08
33577.2,3.31634e+07,40,3.16228e-08
33482.1,3.47626e+07,41,3.16228e-08
33395.8,3.63618e+07,42,3.16228e-08
33317.2,3.7961e+07,43,3.16228e-08
33245.3,3.95604e+07,44,3.16228e-08
33179.2,4.11597e+07,45,3.16228e-08
33118.3,4.27592e+07,46,3.16228e-08
33061.9,4.43586e+07,47,3.16228e-08
33009.7,4.59582e+07,48,3.16228e-08
32961.1,4.75577e+07,49,3.16228e-08
32915.8,4.91573e+07,50,3.16228e-08
32873.5,5.07569e+07,51,3.16228e-08
32833.8,5.23565e+07,52,3.16228e-08
32796.6,5.39562e+07,53,3.16228e-08
32761.6,5.55559e+07,54,3.16228e-08
32728.7,5.71555e+07,55,3.16228e-08
32697.6,5.87553e+07,56,3.16228e-08
32668.1,6.0355e+07,57,3.16228e-08
32640.3,6.19547e+07,58,3.16228e-08
32613.9,6.35545e+07,59,3.16228e-08
32588.8,6.51542e+07,60,3.16228e-08
32565,6.6754e+07,61,3.16228e-08
32542.3,6.83538e+07,62,3.16228e-08
32520.7,6.99536e+07,63,3.16228e-08
32500.1,7.15534e+07,64,3.16228e-08
32480.4,7.31532e+07,65,3.16228e-08
32461.6,7.47531e+07,66,3.16228e-08
32443.5,7.63529e+07,67,3.16228e-08
32426.3,7.79527e+07,68,3.16228e-08
32409.7,7.95526e+07,69,3.16228e-08
32393.8,8.11524e+07,70,3.16228e-08
32378.6,8.27523e+07,71,3.16228e-08
32363.9,8.43522e+07,72,3.16228e-08
32349.8,8.5952e+07,73,3.16228e-08
32336.2,8.75519e+07,74,3.16228e-08
32323.1,8.91518e+07,75,3.16228e-08
32310.5,9.07517e+07,76,3.16228e-08
32298.4,9.23515e+07,77,3.16228e-08
32286.6,9.39514e+07,78,3.16228e-08
32275.3,9.55513e+07,79,3.16228e-08
32264.3,9.71512e+07,80,3.16228e-08
32253.7,9.87511e+07,81,3.16228e-08
32243.5,1.00351e+08,82,3.16228e-08
32233.6,1.01951e+08,83,3.16228e-08
32223.9,1.03551e+08,84,3.16228e-08
32214.6,1.05151e+08,85,3.16228e-08
32205.6,1.06751e+08,86,3.16228e-08
32196.8,1.08351e+08,87,3.16228e-08
32188.3,1.09951e+08,88,3.16228e-08
32180.1,1.1155e+08,89,3.16228e-08
32172.1,1.1315e+08,90,3.16228e-08
32164.3,1.1475e+08,91,3.16228e-08
32156.7,1.1635e+08,92,3.16228e-08
32149.4,1.1795e+08,93,3.16228e-08
32142.2,1.1955e+08,94,3.16228e-08
32135.2,1.2115e+08,95,3.16228e-08
32128.4,1.2275e+08,96,3.16228e-08
32121.8,1.2435e+08,97,3.16228e-08
32115.4,1.2595e+08,98,3.16228e-08
32109.1,1.2755e+08,99,3.16228e-08
32103,1.2915e+08,100,3.16228e-08
32097,1.3075e+08,101,3.16228e-08
32091.2,1.3235e+08,102,3.16228e-08
32085.6,1.3395e+08,103,3.16228e-08
32080,1.3555e+08,104,3.16228e-08
32074.6,1.37149e+08,105,3.16228e-08
32069.3,1.38749e+08,106,3.16228e-08
32064.2,1.40349e+08,107,3.16228e-08
32059.1,1.41949e+08,108,3.16228e-08
32054.2,1.43549e+08,109,3.16228e-08
32049.4,1.45149e+08,110,3.16228e-08
32044.7,1.46749e+08,111,3.16228e-08
32040.1,1.48349e+08,112,3.16228e-08
32035.5,1.49949e+08,113,3.16228e-08
32031.1,1.51549e+08,114,3.16228e-08
32026.8,1.53149e+08,115,3.16228e-08
32022.6,1.54749e+08,116,3.16228e-08
32018.4,1.56349e+08,117,3.16228e-08
32014.4,1.57949e+08,118,3.16228e-08
32010.4,1.59549e+08,119,3.16228e-08
32006.5,1.61149e+08,120,3.16228e-08
32002.7,1.62749e+08,121,3.16228e-08
31999,1.64349e+08,122,3.16228e-08
31995.3,1.65949e+08,123,3.16228e-08
31991.7,1.67549e+08,124,3.16228e-08
31988.2,1.69149e+08,125,3.16228e-08
31984.7,1.70749e+08,126,3.16228e-08
31981.3,1.72349e+08,127,3.16228e-08
31978,1.73949e+08,128,3.16228e-08
31974.7,1.75549e+08,129,3.16228e-08
31971.5,1.77149e+08,130,3.16228e-08
31968.3,1.78748e+08,131,3.16228e-08
31965.2,1.80348e+08,132,3.16228e-08
31962.2,1.81948e+08,133,3.16228e-08
31959.2,1.83548e+08,134,3.16228e-08
31956.3,1.85148e+08,135,3.16228e-08
31953.4,1.86748e+08,136,3.16228e-08
31950.5,1.88348e+08,137,3.16228e-08
31947.7,1.89948e+08,138,3.16228e-08
31945,1.91548e+08,139,3.16228e-08
31942.3,1.93148e+08,140,3.16228e-08
31939.7,1.94748e+08,141,3.16228e-08
31937.1,1.96348e+08,142,3.16228e-08
31934.5,1.97948e+08,143,3.16228e-08
31932,1.99548e+08,144,3.16228e-08
31929.5,2.01148e+08,145,3.16228e-08
31927,2.02748e+08,146,3.16228e-08
31924.6,2.04348e+08,147,3.16228e-08
31922.3,2.05948e+08,148,3.16228e-08
31919.9,2.07548e+08,149,3.16228e-08
31917.6,2.09148e+08,150,3.16228e-08
4.01901e-05,1.54466e-15,10,1e-08
0.000153328,1.5738e-28,11,1e-08
33.9507,9.59974e-24,12,1e-08
972240,2.81819e-19,13,1e-08
3.67646e+06,3.8592e-13,14,1e-08
5.2766e+06,7.93896e-07,15,1e-08
6.87659e+06,1.7037,16,1e-08
5.94775e+06,1.39495e+06,17,1e-08
3.2115e+06,2.74351e+06,18,1e-08
2.52114e+06,3.56461e+06,19,1e-08
1.89769e+06,4.34279e+06,20,1e-08
1.35008e+06,5.09994e+06,21,1e-08
890171,5.89563e+06,22,1e-08
553268,6.84462e+06,23,1e-08
361314,8.04826e+06,24,1e-08
268095,9.44874e+06,25,1e-08
220336,1.09447e+07,26,1e-08
192773,1.24841e+07,27,1e-08
175180,1.40451e+07,28,1e-08
163077,1.56183e+07,29,1e-08
154278,1.71987e+07,30,1e-08
147607,1.87838e+07,31,1e-08
142382,2.03721e+07,32,1e-08
138182,2.19627e+07,33,1e-08
134735,2.3555e+07,34,1e-08
131855,2.51486e+07,35,1e-08
129415,2.67431e+07,36,1e-08
127320,2.83384e+07,37,1e-08
125503,2.99343e+07,38,1e-08
123911,3.15307e+07,39,1e-08
122507,3.31276e+07,40,1e-08
121257,3.47248e+07,41,1e-08
120139,3.63223e+07,42,1e-08
119132,3.792e+07,43,1e-08
118221,3.9518e+07,44,1e-08
117393,4.11161e+07,45,1e-08
116637,4.27144e+07,46,1e-08
115943,4.43128e+07,47,1e-08
115305,4.59114e+07,48,1e-08
114716,4.75101e+07,49,1e-08
114171,4.91088e+07,50,1e-08
113664,5.07077e+07,51,1e-08
113193,5.23066e+07,52,1e-08
112753,5.39057e+07,53,1e-08
112341,5.55047e+07,54,1e-08
111955,5.71039e+07,55,1e-08
111593,5.8703e+07,56,1e-08
111251,6.03023e+07,57,1e-08
110930,6.19015e+07,58,1e-08
110626,6.35009e+07,59,1e-08
110338,6.51002e+07,60,1e-08
110066,6.66996e+07,61,1e-08
109808,6.8299e+07,62,1e-08
109562,6.98985e+07,63,1e-08
109329,7.14979e+07,64,1e-08
109106,7.30974e+07,65,1e-08
108894,7.4697e+07,66,1e-08
108692,7.62965e+07,67,1e-08
108499,7.78961e+07,68,1e-08
108314,7.94956e+07,69,1e-08
108137,8.10952e+07,70,1e-08
107967,8.26949e+07,71,1e-08
107804,8.42945e+07,72,1e-08
107648,8.58941e+07,73,1e-08
107498,8.74938e+07,74,1e-08
107354,8.90935e+07,75,1e-08
107215,9.06932e+07,76,1e-08
107081,9.22929e+07,77,1e-08
106952,9.38926e+07,78,1e-08
106828,9.54923e+07,79,1e-08
106708,9.7092e+07,80,1e-08
106592,9.86918e+07,81,1e-08
106481,1.00292e+08,82,1e-08
106372,1.01891e+08,83,1e-08
106268,1.03491e+08,84,1e-08
106167,1.05091e+08,85,1e-08
106069,1.06691e+08,86,1e-08
105974,1.0829e+08,87,1e-08
105882,1.0989e+08,88,1e-08
105793,1.1149e+08,89,1e-08
105706,1.1309e+08,90,1e-08
105622,1.1469e+08,91,1e-08
105541,1.16289e+08,92,1e-08
105461,1.17889e+08,93,1e-08
105384,1.19489e+08,94,1e-08
105310,1.21089e+08,95,1e-08
105237,1.22689e+08,96,1e-08
105166,1.24289e+08,97,1e-08
105097,1.25888e+08,98,1e-08
105030,1.27488e+08,99,1e-08
104965,1.29088e+08,100,1e-08
104901,1.30688e+08,101,1e-08
104839,1.32288e+08,102,1e-08
104778,1.33888e+08,103,1e-08
104719,1.35488e+08,104,1e-08
104662,1.37087e+08,105,1e-08
104605,1.38687e+08,106,1e-08
104551,1.40287e+08,107,1e-08
104497,1.41887e+08,108,1e-08
104445,1.43487e+08,109,1e-08
104394,1.45087e+08,110,1e-08
104344,1.46687e+08,111,1e-08
104295,1.48287e+08,112,1e-08
104247,1.49886e+08,113,1e-08
104200,1.51486e+08,114,1e-08
104155,1.53086e+08,115,1e-08
104110,1.54686e+08,116,1e-08
104066,1.56286e+08,117,1e-08
104023,1.57886e+08,118,1e-08
103981,1.59486e+08,119,1e-08
103940,1.61086e+08,120,1e-08
103900,1.62686e+08,121,1e-08
103861,1.64286e+08,122,1e-08
103822,1.65886e+08,123,1e-08
103784,1.67485e+08,124,1e-08
103747,1.69085e+08,125,1e-08
103711,1.70685e+08,126,1e-08
103675,1.72285e+08,127,1e-08
103640,1.73885e+08,128,1e-08
103606,1.75485e+08,129,1e-08
103572,1.77085e+08,130,1e-08
103539,1.78685e+08,131,1e-08
103506,1.80285e+08,132,1e-08
103474,1.81885e+08,133,1e-08
103443,1.83485e+08,134,1e-08
103412,1.85085e+08,135,1e-08
103382,1.86685e+08,136,1e-08
103352,1.88284e+08,137,1e-08
103323,1.89884e+08,138,1e-08
103295,1.91484e+08,139,1e-08
103266,1.93084e+08,140,1e-08
103239,1.94684e+08,141,1e-08
103212,1.96284e+08,142,1e-08
103185,1.97884e+08,143,1e-08
103158,1.99484e+08,144,1e-08
103132,2.01084e+08,145,1e-08
103107,2.02684e+08,146,1e-08
103082,2.04284e+08,147,1e-08
103057,2.05884e+08,148,1e-08
103033,2.07484e+08,149,1e-08
103009,2.09084e+08,150,1e-08
4.02017e-05,1.54615e-15,10,3.16228e-09
0.000152882,1.54058e-28,11,3.16228e-09
33.9721,9.50726e-24,12,3.16228e-09
972240,1.52764e-19,13,3.16228e-09
3.67646e+06,3.00968e-17,14,3.16228e-09
5.2766e+06,3.47623e-15,15,3.16228e-09
6.8766e+06,1.4956e-11,16,3.16228e-09
8.4766e+06,5.41128e-08,17,3.16228e-09
1.00766e+07,1.83248e-05,18,3.16228e-09
1.16766e+07,4.82632e-05,19,3.16228e-09
1.32766e+07,6.73166e-05,20,3.16228e-09
1.48766e+07,0.00693913,21,3.16228e-09
1.64766e+07,0.732758,22,3.16228e-09
1.80765e+07,78.3943,23,3.16228e-09
1.96655e+07,8178.89,24,3.16228e-09
2.02903e+07,740151,25,3.16228e-09
1.21505e+07,7.50377e+06,26,3.16228e-09
8.51228e+06,1.07302e+07,27,3.16228e-09
6.69127e+06,1.28685e+07,28,3.16228e-09
5.19506e+06,1.48117e+07,29,3.16228e-09
3.94401e+06,1.66307e+07,30,3.16228e-09
2.95665e+06,1.83563e+07,31,3.16228e-09
2.23785e+06,2.00196e+07,32,3.16228e-09
1.74872e+06,2.16483e+07,33,3.16228e-09
1.42379e+06,2.32607e+07,34,3.16228e-09
1.20456e+06,2.4866e+07,35,3.16228e-09
1.05149e+06,2.64681e+07,36,3.16228e-09
940518,2.80689e+07,37,3.16228e-09
857203,2.96691e+07,38,3.16228e-09
792739,3.12689e+07,39,3.16228e-09
741569,3.28686e+07,40,3.16228e-09
700065,3.44683e+07,41,3.16228e-09
665780,3.60679e+07,42,3.16228e-09
637015,3.76676e+07,43,3.16228e-09
612555,3.92673e+07,44,3.16228e-09
591513,4.0867e+07,45,3.16228e-09
573229,4.24667e+07,46,3.16228e-09
557197,4.40664e+07,47,3.16228e-09
543031,4.56662e+07,48,3.16228e-09
530425,4.72659e+07,49,3.16228e-09
519137,4.88657e+07,50,3.16228e-09
508971,5.04655e+07,51,3.16228e-09
499769,5.20653e+07,52,3.16228e-09
491401,5.36652e+07,53,3.16228e-09
483759,5.5265e+07,54,3.16228e-09
476753,5.68649e+07,55,3.16228e-09
470307,5.84647e+07,56,3.16228e-09
464356,6.00646e+07,57,3.16228e-09
458847,6.16645e+07,58,3.16228e-09
453731,6.32643e+07,59,3.16228e-09
448968,6.48642e+07,60,3.16228e-09
444523,6.64641e+07,61,3.16228e-09
440366,6.8064e+07,62,3.16228e-09
436469,6.96639e+07,63,3.16228e-09
432808,7.12639e+07,64,3.16228e-09
429363,7.28638e+07,65,3.16228e-09
426116,7.44637e+07,66,3.16228e-09
423049,7.60636e+07,67,3.16228e-09
420149,7.76635e+07,68,3.16228e-09
417401,7.92635e+07,69,3.16228e-09
414795,8.08634e+07,70,3.16228e-09
412320,8.24633e+07,71,3.16228e-09
409965,8.40633e+07,72,3.16228e-09
407723,8.56632e+07,73,3.16228e-09
405586,8.72632e+07,74,3.16228e-09
403546,8.88631e+07,75,3.16228e-09
401597,9.04631e+07,76,3.16228e-09
399733,9.2063e+07,77,3.16228e-09
397949,9.3663e+07,78,3.16228e-09
396239,9.52629e+07,79,3.16228e-09
394599,9.68629e+07,80,3.16228e-09
393025,9.84628e+07,81,3.16228e-09
391513,1.00063e+08,82,3.16228e-09
390059,1.01663e+08,83,3.16228e-09
388660,1.03263e+08,84,3.16228e-09
387314,1.04863e+08,85,3.16228e-09
386016,1.06463e+08,86,3.16228e-09
384765,1.08063e+08,87,3.16228e-09
383558,1.09663e+08,88,3.16228e-09
382392,1.11263e+08,89,3.16228e-09
381266,1.12863e+08,90,3.16228e-09
380178,1.14463e+08,91,3.16228e-09
379126,1.16062e+08,92,3.16228e-09
378108,1.17662e+08,93,3.16228e-09
377122,1.19262e+08,94,3.16228e-09
376167,1.20862e+08,95,3.16228e-09
375241,1.22462e+08,96,3.16228e-09
374344,1.24062e+08,97,3.16228e-09
373473,1.25662e+08,98,3.16228e-09
372629,1.27262e+08,99,3.16228e-09
371808,1.28862e+08,100,3.16228e-09
371012,1.30462e+08,101,3.16228e-09
370237,1.32062e+08,102,3.16228e-09
369485,1.33662e+08,103,3.16228e-09
368753,1.35262e+08,104,3.16228e-09
368041,1.36862e+08,105,3.16228e-09
367347,1.38462e+08,106,3.16228e-09
366673,1.40062e+08,107,3.16228e-09
366015,1.41662e+08,108,3.16228e-09
365375,1.43262e+08,109,3.16228e-09
364751,1.44862e+08,110,3.16228e-09
364142,1.46462e+08,111,3.16228e-09
363549,1.48062e+08,112,3.16228e-09
362970,1.49662e+08,113,3.16228e-09
362405,1.51262e+08,114,3.16228e-09
361854,1.52862e+08,115,3.16228e-09
361315,1.54462e+08,116,3.16228e-09
360790,1.56062e+08,117,3.16228e-09
360276,1.57662e+08,118,3.16228e-09
359774,1.59262e+08,119,3.16228e-09
359283,1.60862e+08,120,3.16228e-09
358803,1.62462e+08,121,3.16228e-09
358334,1.64062e+08,122,3.16228e-09
357875,1.65662e+08,123,3.16228e-09
357426,1.67262e+08,124,3.16228e-09
356987,1.68862e+08,125,3.16228e-09
356556,1.70462e+08,126,3.16228e-09
356135,1.72062e+08,127,3.16228e-09
355723,1.73662e+08,128,3.16228e-09
355318,1.75262e+08,129,3.16228e-09
354923,1.76862e+08,130,3.16228e-09
354535,1.78462e+08,131,3.16228e-09
354154,1.80062e+08,132,3.16228e-09
353781,1.81662e+08,133,3.16228e-09
353416,1.83262e+08,134,3.16228e-09
353057,1.84862e+08,135,3.16228e-09
352706,1.86462e+08,136,3.16228e-09
352361,1.88062e+08,137,3.16228e-09
352022,1.89662e+08,138,3.16228e-09
351690,1.91262e+08,139,3.16228e-09
351364,1.92862e+08,140,3.16228e-09
351044,1.94462e+08,141,3.16228e-09
350729,1.96062e+08,142,3.16228e-09
350420,1.97662e+08,143,3.16228e-09
350117,1.99262e+08,144,3.16228e-09
349819,2.00862e+08,145,3.16228e-09
349526,2.02462e+08,146,3.16228e-09
349239,2.04062e+08,147,3.16228e-09
348956,2.05662e+08,148,3.16228e-09
348678,2.07262e+08,149,3.16228e-09
348404,2.08862e+08,150,3.16228e-09
4.03054e-05,1.55943e-15,10,1e-09
0.00015316,1.56125e-28,11,1e-09
33.9658,9.5342e-24,12,1e-09
972240,1.25869e-19,13,1e-09
3.67646e+06,1.51169e-18,14,1e-09
5.2766e+06,7.90057e-18,15,1e-09
6.8766e+06,7.55593e-15,16,1e-09
8.4766e+06,2.91105e-11,17,1e-09
1.00766e+07,6.0017e-09,18,1e-09
1.16766e+07,4.99623e-07,19,1e-09
1.32766e+07,7.3566e-06,20,1e-09
1.48766e+07,1.64576e-05,21,1e-09
1.64766e+07,2.35767e-05,22,1e-09
1.80766e+07,2.21585e-05,23,1e-09
1.96766e+07,2.05695e-05,24,1e-09
2.12766e+07,2.83043e-05,25,1e-09
2.28766e+07,2.39521e-05,26,1e-09
2.44766e+07,2.75692e-05,27,1e-09
2.60766e+07,2.90157e-05,28,1e-09
2.76766e+07,2.74565e-05,29,1e-09
2.92766e+07,3.28052e-05,30,1e-09
3.08766e+07,3.21412e-05,31,1e-09
3.24766e+07,4.16092e-05,32,1e-09
3.40766e+07,4.47656e-05,33,1e-09
3.56766e+07,4.43953e-05,34,1e-09
3.72766e+07,0.000167111,35,1e-09
3.88766e+07,0.000740019,36,1e-09
4.04766e+07,0.00335925,37,1e-09
4.20766e+07,0.0145384,38,1e-09
4.36766e+07,0.0639058,39,1e-09
4.52766e+07,0.287118,40,1e-09
4.68766e+07,1.26324,41,1e-09
4.84766e+07,5.52236,42,1e-09
5.00766e+07,24.3753,43,1e-09
5.16765e+07,106.443,44,1e-09
5.32761e+07,465.225,45,1e-09
5.48743e+07,2026.74,46,1e-09
5.64666e+07,8834.07,47,1e-09
5.80335e+07,38301.4,48,1e-09
5.94916e+07,164862,49,1e-09
6.04992e+07,694509,50,1e-09
5.98301e+07,2.72503e+06,51,1e-09
5.46785e+07,8.74166e+06,52,1e-09
4.41647e+07,1.93927e+07,53,1e-09
3.33613e+07,3.00669e+07,54,1e-09
2.54901e+07,3.80584e+07,55,1e-09
2.00815e+07,4.39117e+07,56,1e-09
1.62117e+07,4.8475e+07,57,1e-09
1.33326e+07,5.22335e+07,58,1e-09
1.11494e+07,5.54428e+07,59,1e-09
9.48463e+06,5.82535e+07,60,1e-09
8.21172e+06,6.07691e+07,61,1e-09
7.23161e+06,6.30677e+07,62,1e-09
6.46622e+06,6.52092e+07,63,1e-09
5.85738e+06,6.72373e+07,64,1e-09
5.36338e+06,6.9183e+07,65,1e-09
4.95528e+06,7.10675e+07,66,1e-09
4.6129e+06,7.29054e+07,67,1e-09
4.32196e+06,7.47071e+07,68,1e-09
4.07207e+06,7.64799e+07,69,1e-09
3.85541e+06,7.82295e+07,70,1e-09
3.66603e+06,7.996e+07,71,1e-09
3.49926e+06,8.16748e+07,72,1e-09
3.35141e+06,8.33764e+07,73,1e-09
3.21955e+06,8.5067e+07,74,1e-09
3.10127e+06,8.67481e+07,75,1e-09
2.99465e+06,8.84212e+07,76,1e-09
2.89808e+06,9.00874e+07,77,1e-09
2.81022e+06,9.17475e+07,78,1e-09
2.72999e+06,9.34024e+07,79,1e-09
2.65644e+06,9.50526e+07,80,1e-09
2.58878e+06,9.66989e+07,81,1e-09
2.52635e+06,9.83415e+07,82,1e-09
2.46857e+06,9.99809e+07,83,1e-09
2.41495e+06,1.01617e+08,84,1e-09
2.36506e+06,1.03252e+08,85,1e-09
2.31852e+06,1.04883e+08,86,1e-09
2.27502e+06,1.06513e+08,87,1e-09
2.23427e+06,1.08141e+08,88,1e-09
2.19602e+06,1.09767e+08,89,1e-09
2.16004e+06,1.11391e+08,90,1e-09
2.12615e+06,1.13014e+08,91,1e-09
2.09417e+06,1.14636e+08,92,1e-09
2.06394e+06,1.16257e+08,93,1e-09
2.03532e+06,1.17876e+08,94,1e-09
2.00819e+06,1.19494e+08,95,1e-09
1.98244e+06,1.21112e+08,96,1e-09
1.95796e+06,1.22729e+08,97,1e-09
1.93466e+06,1.24344e+08,98,1e-09
1.91247e+06,1.25959e+08,99,1e-09
1.8913e+06,1.27574e+08,100,1e-09
1.87108e+06,1.29188e+08,101,1e-09
1.85176e+06,1.30801e+08,102,1e-09
1.83327e+06,1.32413e+08,103,1e-09
1.81556e+06,1.34025e+08,104,1e-09
1.79859e+06,1.35637e+08,105,1e-09
1.7823e+06,1.37248e+08,106,1e-09
1.76667e+06,1.38858e+08,107,1e-09
1.75164e+06,1.40469e+08,108,1e-09
1.73719e+06,1.42078e+08,109,1e-09
1.72328e+06,1.43688e+08,110,1e-09
1.70989e+06,1.45297e+08,111,1e-09
1.69698e+06,1.46906e+08,112,1e-09
1.68453e+06,1.48514e+08,113,1e-09
1.67251e+06,1.50122e+08,114,1e-09
1.66091e+06,1.5173e+08,115,1e-09
1.64971e+06,1.53338e+08,116,1e-09
1.63887e+06,1.54945e+08,117,1e-09
1.62839e+06,1.56552e+08,118,1e-09
1.61825e+06,1.58159e+08,119,1e-09
1.60842e+06,1.59766e+08,120,1e-09
1.59891e+06,1.61372e+08,121,1e-09
1.58968e+06,1.62978e+08,122,1e-09
1.58074e+06,1.64584e+08,123,1e-09
1.57206e+06,1.6619e+08,124,1e-09
1.56364e+06,1.67796e+08,125,1e-09
1.55546e+06,1.69402e+08,126,1e-09
1.54752e+06,1.71007e+08,127,1e-09
1.53979e+06,1.72612e+08,128,1e-09
1.53229e+06,1.74217e+08,129,1e-09
1.52498e+06,1.75822e+08,130,1e-09
1.51788e+06,1.77427e+08,131,1e-09
1.51096e+06,1.79032e+08,132,1e-09
1.50423e+06,1.80636e+08,133,1e-09
1.49767e+06,1.82241e+08,134,1e-09
1.49128e+06,1.83845e+08,135,1e-09
1.48505e+06,1.85449e+08,136,1e-09
1.47898e+06,1.87053e+08,137,1e-09
1.47306e+06,1.88657e+08,138,1e-09
1.46728e+06,1.90261e+08,139,1e-09
1.46164e+06,1.91865e+08,140,1e-09
1.45614e+06,1.93469e+08,141,1e-09
1.45076e+06,1.95072e+08,142,1e-09
1.44551e+06,1.96676e+08,143,1e-09
1.44038e+06,1.98279e+08,144,1e-09
1.43537e+06,1.99883e+08,145,1e-09
1.43047e+06,2.01486e+08,146,1e-09
1.42568e+06,2.03089e+08,147,1e-09
1.42099e+06,2.04693e+08,148,1e-09
1.41641e+06,2.06296e+08,149,1e-09
1.41192e+06,2.07899e+08,150,1e-09
3.94791e-05,1.45415e-15,10,3.16228e-10
0.000151284,1.42592e-28,11,3.16228e-10
33.975,9.49541e-24,12,3.16228e-10
972240,1.18393e-19,13,3.16228e-10
3.67646e+06,5.87037e-19,14,3.16228e-10
5.2766e+06,1.15251e-18,15,3.16228e-10
6.8766e+06,6.10472e-16,16,3.16228e-10
8.4766e+06,1.86136e-12,17,3.16228e-10
1.00766e+07,7.37458e-10,18,3.16228e-10
1.16766e+07,3.56607e-08,19,3.16228e-10
1.32766e+07,6.1285e-07,20,3.16228e-10
1.48766e+07,6.59589e-06,21,3.16228e-10
1.64766e+07,1.47959e-05,22,3.16228e-10
1.80766e+07,1.26756e-05,23,3.16228e-10
1.96766e+07,1.51487e-05,24,3.16228e-10
2.12766e+07,1.31396e-05,25,3.16228e-10
2.28766e+07,1.34691e-05,26,3.16228e-10
2.44766e+07,1.41688e-05,27,3.16228e-10
2.60766e+07,1.79788e-05,28,3.16228e-10
2.76766e+07,1.37631e-05,29,3.16228e-10
2.92766e+07,1.42593e-05,30,3.16228e-10
3.08766e+07,1.8134e-05,31,3.16228e-10
3.24766e+07,1.53603e-05,32,3.16228e-10
3.40766e+07,1.60615e-05,33,3.16228e-10
3.56766e+07,1.97719e-05,34,3.16228e-10
3.72766e+07,1.7138e-05,35,3.16228e-10
3.88766e+07,1.79664e-05,36,3.16228e-10
4.04766e+07,2.30087e-05,37,3.16228e-10
4.20766e+07,2.33813e-05,38,3.16228e-10
4.36766e+07,2.02748e-05,39,3.16228e-10
4.52766e+07,2.34505e-05,40,3.16228e-10
4.68766e+07,1.92229e-05,41,3.16228e-10
4.84766e+07,2.03666e-05,42,3.16228e-10
5.00766e+07,1.91945e-05,43,3.16228e-10
5.16766e+07,2.04444e-05,44,3.16228e-10
5.32766e+07,2.39214e-05,45,3.16228e-10
5.48766e+07,2.49238e-05,46,3.16228e-10
5.64766e+07,2.33252e-05,47,3.16228e-10
5.80766e+07,1.93264e-05,48,3.16228e-10
5.96766e+07,2.30781e-05,49,3.16228e-10
6.12766e+07,2.3917e-05,50,3.16228e-10
6.28766e+07,2.44911e-05,51,3.16228e-10
6.44766e+07,2.0578e-05,52,3.16228e-10
6.60766e+07,2.1602e-05,53,3.16228e-10
6.76766e+07,2.80805e-05,54,3.16228e-10
6.92766e+07,2.4583e-05,55,3.16228e-10
7.08766e+07,2.66567e-05,56,3.16228e-10
7.24766e+07,2.57017e-05,57,3.16228e-10
7.40766e+07,2.5463e-05,58,3.16228e-10
7.56766e+07,3.08568e-05,59,3.16228e-10
7.72766e+07,2.88796e-05,60,3.16228e-10
7.88766e+07,2.75116e-05,61,3.16228e-10
8.04766e+07,2.95551e-05,62,3.16228e-10
8.20766e+07,3.14461e-05,63,3.16228e-10
8.36766e+07,2.7055e-05,64,3.16228e-10
8.52766e+07,2.98691e-05,65,3.16228e-10
8.68766e+07,3.2343e-05,66,3.16228e-10
8.84766e+07,3.10133e-05,67,3.16228e-10
9.00766e+07,3.36739e-05,68,3.16228e-10
9.16766e+07,3.56917e-05,69,3.16228e-10
9.32766e+07,3.73083e-05,70,3.16228e-10
9.48766e+07,3.75357e-05,71,3.16228e-10
9.64766e+07,3.50065e-05,72,3.16228e-10
9.80766e+07,3.37863e-05,73,3.16228e-10
9.96766e+07,3.54934e-05,74,3.16228e-10
1.01277e+08,4.16127e-05,75,3.16228e-10
1.02877e+08,3.93824e-05,76,3.16228e-10
1.04477e+08,4.20311e-05,77,3.16228e-10
1.06077e+08,5.71468e-05,78,3.16228e-10
1.07677e+08,9.0945e-05,79,3.16228e-10
1.09277e+08,0.000146851,80,3.16228e-10
1.10877e+08,0.000234059,81,3.16228e-10
1.12477e+08,0.000363528,82,3.16228e-10
1.14077e+08,0.000598257,83,3.16228e-10
1.15677e+08,0.000969174,84,3.16228e-10
1.17277e+08,0.00155987,85,3.16228e-10
1.18877e+08,0.00248232,86,3.16228e-10
1.20477e+08,0.00392187,87,3.16228e-10
1.22077e+08,0.00632414,88,3.16228e-10
1.23677e+08,0.0100125,89,3.16228e-10
1.25277e+08,0.0157629,90,3.16228e-10
1.26877e+08,0.0253138,91,3.16228e-10
1.28477e+08,0.0410373,92,3.16228e-10
1.30077e+08,0.0638891,93,3.16228e-10
1.31677e+08,0.10473,94,3.16228e-10
1.33277e+08,0.166832,95,3.16228e-10
1.34877e+08,0.265423,96,3.16228e-10
1.36477e+08,0.42082,97,3.16228e-10
1.38077e+08,0.661319,98,3.16228e-10
1.39677e+08,1.06458,99,3.16228e-10
1.41277e+08,1.71826,100,3.16228e-10
1.42877e+08,2.68603,101,3.16228e-10
1.44477e+08,4.35137,102,3.16228e-10
1.46077e+08,6.83482,103,3.16228e-10
1.47677e+08,10.8799,104,3.16228e-10
1.49277e+08,17.3663,105,3.16228e-10
1.50877e+08,27.8777,106,3.16228e-10
1.52477e+08,44.353,107,3.16228e-10
1.54077e+08,70.6981,108,3.16228e-10
1.55676e+08,111.839,109,3.16228e-10
1.57276e+08,178.788,110,3.16228e-10
1.58876e+08,283.892,111,3.16228e-10
1.60476e+08,450.487,112,3.16228e-10
1.62076e+08,718.405,113,3.16228e-10
1.63675e+08,1140.4,114,3.16228e-10
1.65275e+08,1812.19,115,3.16228e-10
1.66874e+08,2882.41,116,3.16228e-10
1.68472e+08,4582.13,117,3.16228e-10
1.70069e+08,7283.01,118,3.16228e-10
1.71665e+08,11565.5,119,3.16228e-10
1.73257e+08,18384.7,120,3.16228e-10
1.74846e+08,29188.6,121,3.16228e-10
1.76428e+08,46361.1,122,3.16228e-10
1.78e+08,73612.6,123,3.16228e-10
1.79555e+08,116778,124,3.16228e-10
1.81084e+08,185176,125,3.16228e-10
1.82571e+08,293397,126,3.16228e-10
1.83994e+08,464281,127,3.16228e-10
1.85314e+08,733662,128,3.16228e-10
1.86474e+08,1.15717e+06,129,3.16228e-10
1.87387e+08,1.81909e+06,130,3.16228e-10
1.87921e+08,2.84609e+06,131,3.16228e-10
1.87883e+08,4.42356e+06,132,3.16228e-10
1.87007e+08,6.80916e+06,133,3.16228e-10
1.84944e+08,1.0337e+07,134,3.16228e-10
1.81287e+08,1.53982e+07,135,3.16228e-10
1.75639e+08,2.23718e+07,136,3.16228e-10
1.67745e+08,3.14973e+07,137,3.16228e-10
1.57627e+08,4.27454e+07,138,3.16228e-10
1.45674e+08,5.57293e+07,139,3.16228e-10
1.32591e+08,6.97656e+07,140,3.16228e-10
1.19188e+08,8.40714e+07,141,3.16228e-10
1.0619e+08,9.79541e+07,142,3.16228e-10
9.41009e+07,1.1094e+08,143,3.16228e-10
8.31976e+07,1.22773e+08,144,3.16228e-10
7.35582e+07,1.33389e+08,145,3.16228e-10
6.51554e+07,1.42823e+08,146,3.16228e-10
5.79015e+07,1.51165e+08,147,3.16228e-10
5.16727e+07,1.58539e+08,148,3.16228e-10
4.6351e+07,1.65059e+08,149,3.16228e-10
4.18142e+07,1.70845e+08,150,3.16228e-10
4.03004e-05,1.55883e-15,10,1e-10
0.000147859,1.20844e-28,11,1e-10
33.9605,9.55688e-24,12,1e-10
972240,1.16122e-19,13,1e-10
3.67646e+06,4.35272e-19,14,1e-10
5.2766e+06,6.26997e-19,15,1e-10
6.8766e+06,3.06664e-16,16,1e-10
8.4766e+06,7.5944e-13,17,1e-10
1.00766e+07,2.10563e-10,18,1e-10
1.16766e+07,1.24463e-08,19,1e-10
1.32766e+07,3.59072e-07,20,1e-10
1.48766e+07,4.86336e-06,21,1e-10
1.64766e+07,1.36872e-05,22,1e-10
1.80766e+07,1.51217e-05,23,1e-10
1.96766e+07,1.56634e-05,24,1e-10
2.12766e+07,1.4518e-05,25,1e-10
2.28766e+07,1.40096e-05,26,1e-10
2.44766e+07,1.49263e-05,27,1e-10
2.60766e+07,1.32385e-05,28,1e-10
2.76766e+07,1.86522e-05,29,1e-10
2.92766e+07,1.87272e-05,30,1e-10
3.08766e+07,1.85525e-05,31,1e-10
3.24766e+07,1.83937e-05,32,1e-10
3.40766e+07,1.41623e-05,33,1e-10
3.56766e+07,1.84566e-05,34,1e-10
3.72766e+07,1.90803e-05,35,1e-10
3.88766e+07,1.67972e-05,36,1e-10
4.04766e+07,1.88133e-05,37,1e-10
4.20766e+07,1.55535e-05,38,1e-10
4.36766e+07,1.2482e-05,39,1e-10
4.52766e+07,1.73995e-05,40,1e-10
4.68766e+07,1.24789e-05,41,1e-10
4.84766e+07,1.32361e-05,42,1e-10
5.00766e+07,1.28587e-05,43,1e-10
5.16766e+07,1.31615e-05,44,1e-10
5.32766e+07,1.86714e-05,45,1e-10
5.48766e+07,1.71728e-05,46,1e-10
5.64766e+07,1.9059e-05,47,1e-10
5.80766e+07,1.68199e-05,48,1e-10
5.96766e+07,1.70635e-05,49,1e-10
6.12766e+07,1.70189e-05,50,1e-10
6.28766e+07,1.52194e-05,51,1e-10
6.44766e+07,1.81944e-05,52,1e-10
6.60766e+07,1.91995e-05,53,1e-10
6.76766e+07,1.74239e-05,54,1e-10
6.92766e+07,1.5758e-05,55,1e-10
7.08766e+07,1.63891e-05,56,1e-10
7.24766e+07,1.58243e-05,57,1e-10
7.40766e+07,1.79198e-05,58,1e-10
7.56766e+07,1.47043e-05,59,1e-10
7.72766e+07,1.52872e-05,60,1e-10
7.88766e+07,1.60844e-05,61,1e-10
8.04766e+07,1.43675e-05,62,1e-10
8.20766e+07,1.46436e-05,63,1e-10
8.36766e+07,1.84352e-05,64,1e-10
8.52766e+07,1.81919e-05,65,1e-10
8.68766e+07,1.57963e-05,66,1e-10
8.84766e+07,1.67355e-05,67,1e-10
9.00766e+07,1.56805e-05,68,1e-10
9.16766e+07,1.53335e-05,69,1e-10
9.32766e+07,1.76867e-05,70,1e-10
9.48766e+07,2.09797e-05,71,1e-10
9.64766e+07,1.99934e-05,72,1e-10
9.80766e+07,2.10449e-05,73,1e-10
9.96766e+07,1.66368e-05,74,1e-10
1.01277e+08,1.76418e-05,75,1e-10
1.02877e+08,1.66649e-05,76,1e-10
1.04477e+08,2.07609e-05,77,1e-10
1.06077e+08,1.99017e-05,78,1e-10
1.07677e+08,2.19048e-05,79,1e-10
1.09277e+08,1.76645e-05,80,1e-10
1.10877e+08,1.75926e-05,81,1e-10
1.12477e+08,1.97527e-05,82,1e-10
1.14077e+08,1.96796e-05,83,1e-10
1.15677e+08,2.09928e-05,84,1e-10
1.17277e+08,2.15088e-05,85,1e-10
1.18877e+08,2.02692e-05,86,1e-10
1.20477e+08,2.03799e-05,87,1e-10
1.22077e+08,2.23896e-05,88,1e-10
1.23677e+08,2.04448e-05,89,1e-10
1.25277e+08,2.16236e-05,90,1e-10
1.26877e+08,1.94117e-05,91,1e-10
1.28477e+08,2.16356e-05,92,1e-10
1.30077e+08,1.87305e-05,93,1e-10
1.31677e+08,2.0244e-05,94,1e-10
1.33277e+08,2.10791e-05,95,1e-10
1.34877e+08,1.97953e-05,96,1e-10
1.36477e+08,2.10822e-05,97,1e-10
1.38077e+08,2.03178e-05,98,1e-10
1.39677e+08,2.1808e-05,99,1e-10
1.41277e+08,2.11019e-05,100,1e-10
1.42877e+08,2.0064e-05,101,1e-10
1.44477e+08,2.37857e-05,102,1e-10
1.46077e+08,2.16501e-05,103,1e-10
1.47677e+08,2.30603e-05,104,1e-10
1.49277e+08,2.43203e-05,105,1e-10
1.50877e+08,2.18579e-05,106,1e-10
1.52477e+08,2.14509e-05,107,1e-10
1.54077e+08,2.38166e-05,108,1e-10
1.55677e+08,2.201e-05,109,1e-10
1.57277e+08,2.29096e-05,110,1e-10
1.58877e+08,2.36693e-05,111,1e-10
1.60477e+08,2.14541e-05,112,1e-10
1.62077e+08,2.43262e-05,113,1e-10
1.63677e+08,2.31606e-05,114,1e-10
1.65277e+08,2.36277e-05,115,1e-10
1.66877e+08,2.29292e-05,116,1e-10
1.68477e+08,2.35247e-05,117,1e-10
1.70077e+08,2.38356e-05,118,1e-10
1.71677e+08,1.9676e-05,119,1e-10
1.73277e+08,2.55996e-05,120,1e-10
1.74877e+08,2.55434e-05,121,1e-10
1.76477e+08,8.06743e-11,122,1e-10
1.78077e+08,2.28362e-05,123,1e-10
1.79677e+08,1.06555e-10,124,1e-10
1.81277e+08,2.46605e-05,125,1e-10
1.82877e+08,2.40035e-05,126,1e-10
1.84477e+08,1.74117e-10,127,1e-10
1.86077e+08,2.02476e-10,128,1e-10
1.87677e+08,2.6796e-05,129,1e-10
1.89277e+08,2.73934e-10,130,1e-10
1.90877e+08,2.30589e-05,131,1e-10
1.92477e+08,3.70548e-10,132,1e-10
1.94077e+08,4.19423e-10,133,1e-10
1.95677e+08,4.79062e-10,134,1e-10
1.97277e+08,5.86156e-10,135,1e-10
1.98877e+08,2.61733e-05,136,1e-10
2.00477e+08,7.95866e-10,137,1e-10
2.02077e+08,9.15641e-10,138,1e-10
2.03677e+08,1.0224e-09,139,1e-10
2.05277e+08,1.24043e-09,140,1e-10
2.06877e+08,1.40656e-09,141,1e-10
2.08477e+08,1.68355e-09,142,1e-10
2.10077e+08,1.94063e-09,143,1e-10
2.11677e+08,2.29029e-09,144,1e-10
2.13277e+08,2.55903e-09,145,1e-10
2.14877e+08,2.98963e-09,146,1e-10
2.16477e+08,3.48044e-09,147,1e-10
2.18077e+08,4.12449e-09,148,1e-10
2.19677e+08,4.64669e-09,149,1e-10
2.21277e+08,5.65138e-09,150,1e-10
4.03004e-05,1.55883e-15,10,3.16228e-11
0.00015162,1.44948e-28,11,3.16228e-11
33.9401,9.64416e-24,12,3.16228e-11
972240,1.15413e-19,13,3.16228e-11
3.67646e+06,3.95986e-19,14,3.16228e-11
5.2766e+06,5.1722e-19,15,3.16228e-11
6.8766e+06,2.25254e-16,16,3.16228e-11
8.4766e+06,8.93946e-13,17,3.16228e-11
1.00766e+07,1.80914e-10,18,3.16228e-11
1.16766e+07,9.67868e-09,19,3.16228e-11
1.32766e+07,3.32191e-07,20,3.16228e-11
1.48766e+07,2.52337e-06,21,3.16228e-11
1.64766e+07,9.64374e-06,22,3.16228e-11
1.80766e+07,1.53081e-05,23,3.16228e-11
1.96766e+07,1.64813e-05,24,3.16228e-11
2.12766e+07,1.12963e-05,25,3.16228e-11
2.28766e+07,1.79461e-05,26,3.16228e-11
2.44766e+07,1.44351e-05,27,3.16228e-11
2.60766e+07,1.11737e-05,28,3.16228e-11
2.76766e+07,1.586e-05,29,3.16228e-11
2.92766e+07,1.2212e-05,30,3.16228e-11
3.08766e+07,1.28101e-05,31,3.16228e-11
3.24766e+07,1.69285e-05,32,3.16228e-11
3.40766e+07,1.18154e-05,33,3.16228e-11
3.56766e+07,1.6523e-05,34,3.16228e-11
3.72766e+07,1.4695e-05,35,3.16228e-11
3.88766e+07,1.38017e-05,36,3.16228e-11
4.04766e+07,1.16753e-05,37,3.16228e-11
4.20766e+07,1.19445e-05,38,3.16228e-11
4.36766e+07,1.19249e-05,39,3.16228e-11
4.52766e+07,1.58554e-05,40,3.16228e-11
4.68766e+07,1.40244e-05,41,3.16228e-11
4.84766e+07,1.54012e-05,42,3.16228e-11
5.00766e+07,1.34676e-05,43,3.16228e-11
5.16766e+07,1.21294e-05,44,3.16228e-11
5.32766e+07,1.12127e-05,45,3.16228e-11
5.48766e+07,1.54206e-05,46,3.16228e-11
5.64766e+07,1.61862e-05,47,3.16228e-11
5.80766e+07,1.32573e-05,48,3.16228e-11
5.96766e+07,1.20023e-05,49,3.16228e-11
6.12766e+07,1.37949e-05,50,3.16228e-11
6.28766e+07,1.74138e-05,51,3.16228e-11
6.44766e+07,1.68287e-05,52,3.16228e-11
6.60766e+07,1.70536e-05,53,3.16228e-11
6.76766e+07,1.52042e-05,54,3.16228e-11
6.92766e+07,1.43378e-05,55,3.16228e-11
7.08766e+07,1.46558e-05,56,3.16228e-11
7.24766e+07,1.26179e-05,57,3.16228e-11
7.40766e+07,1.22278e-05,58,3.16228e-11
7.56766e+07,1.23349e-05,59,3.16228e-11
7.72766e+07,1.69527e-05,60,3.16228e-11
7.88766e+07,1.74729e-05,61,3.16228e-11
8.04766e+07,1.58078e-05,62,3.16228e-11
8.20766e+07,1.86489e-05,63,3.16228e-11
8.36766e+07,1.25145e-05,64,3.16228e-11
8.52766e+07,1.25512e-05,65,3.16228e-11
8.68766e+07,1.58821e-05,66,3.16228e-11
8.84766e+07,1.81837e-05,67,3.16228e-11
9.00766e+07,1.46933e-05,68,3.16228e-11
9.16766e+07,1.87902e-05,69,3.16228e-11
9.32766e+07,1.58437e-05,70,3.16228e-11
9.48766e+07,1.53601e-05,71,3.16228e-11
9.64766e+07,1.85711e-05,72,3.16228e-11
9.80766e+07,1.31671e-05,73,3.16228e-11
9.96766e+07,1.33499e-05,74,3.16228e-11
1.01277e+08,1.76139e-05,75,3.16228e-11
1.02877e+08,1.62033e-05,76,3.16228e-11
1.04477e+08,1.34779e-05,77,3.16228e-11
1.06077e+08,1.42401e-05,78,3.16228e-11
1.07677e+08,1.59186e-05,79,3.16228e-11
1.09277e+08,1.73224e-05,80,3.16228e-11
1.10877e+08,1.65069e-05,81,3.16228e-11
1.12477e+08,1.71197e-05,82,3.16228e-11
1.14077e+08,1.67075e-05,83,3.16228e-11
1.15677e+08,1.52422e-05,84,3.16228e-11
1.17277e+08,1.71761e-05,85,3.16228e-11
1.18877e+08,1.68342e-05,86,3.16228e-11
1.20477e+08,1.53709e-05,87,3.16228e-11
1.22077e+08,1.69396e-05,88,3.16228e-11
1.23677e+08,1.79418e-05,89,3.16228e-11
1.25277e+08,1.50346e-05,90,3.16228e-11
1.26877e+08,1.55285e-05,91,3.16228e-11
1.28477e+08,1.68192e-05,92,3.16228e-11
1.30077e+08,1.69956e-05,93,3.16228e-11
1.31677e+08,1.77458e-05,94,3.16228e-11
1.33277e+08,1.85825e-05,95,3.16228e-11
1.34877e+08,1.84544e-05,96,3.16228e-11
1.36477e+08,1.58866e-05,97,3.16228e-11
1.38077e+08,1.86417e-05,98,3.16228e-11
1.39677e+08,1.90972e-05,99,3.16228e-11
1.41277e+08,1.64104e-05,100,3.16228e-11
1.42877e+08,1.82525e-05,101,3.16228e-11
1.44477e+08,1.53476e-05,102,3.16228e-11
1.46077e+08,1.6151e-05,103,3.16228e-11
1.47677e+08,1.84879e-05,104,3.16228e-11
1.49277e+08,1.56303e-05,105,3.16228e-11
1.50877e+08,1.8871e-05,106,3.16228e-11
1.52477e+08,1.86545e-05,107,3.16228e-11
1.54077e+08,1.8364e-05,108,3.16228e-11
1.55677e+08,1.75737e-05,109,3.16228e-11
1.57277e+08,1.8617e-05,110,3.16228e-11
1.58877e+08,1.85322e-05,111,3.16228e-11
1.60477e+08,1.66887e-05,112,3.16228e-11
1.62077e+08,1.70596e-05,113,3.16228e-11
1.63677e+08,1.96159e-05,114,3.16228e-11
1.65277e+08,1.95269e-05,115,3.16228e-11
1.66877e+08,1.75728e-05,116,3.16228e-11
1.68477e+08,1.89079e-05,117,3.16228e-11
1.70077e+08,1.79914e-05,118,3.16228e-11
1.71677e+08,1.905e-05,119,3.16228e-11
1.73277e+08,1.51667e-15,120,3.16228e-11
1.74877e+08,1.68077e-05,121,3.16228e-11
1.76477e+08,1.73345e-05,122,3.16228e-11
1.78077e+08,1.82812e-15,123,3.16228e-11
1.79677e+08,1.84078e-05,124,3.16228e-11
1.81277e+08,1.94182e-05,125,3.16228e-11
1.82877e+08,2.19071e-15,126,3.16228e-11
1.84477e+08,2.22723e-15,127,3.16228e-11
1.86077e+08,2.45167e-15,128,3.16228e-11
1.87677e+08,2.41533e-15,129,3.16228e-11
1.89277e+08,2.57623e-15,130,3.16228e-11
1.90877e+08,2.68178e-15,131,3.16228e-11
1.92477e+08,3.01021e-15,132,3.16228e-11
1.94077e+08,3.01232e-15,133,3.16228e-11
1.95677e+08,3.20074e-15,134,3.16228e-11
1.97277e+08,3.50852e-15,135,3.16228e-11
1.98877e+08,3.47844e-15,136,3.16228e-11
2.00477e+08,3.67816e-15,137,3.16228e-11
2.02077e+08,3.87131e-15,138,3.16228e-11
2.03677e+08,4.15315e-15,139,3.16228e-11
2.05277e+08,4.5695e-15,140,3.16228e-11
2.06877e+08,4.5891e-15,141,3.16228e-11
2.08477e+08,4.90726e-15,142,3.16228e-11
2.10077e+08,5.23076e-15,143,3.16228e-11
2.11677e+08,5.58953e-15,144,3.16228e-11
2.13277e+08,5.72981e-15,145,3.16228e-11
2.14877e+08,6.31719e-15,146,3.16228e-11
2.16477e+08,6.47916e-15,147,3.16228e-11
2.18077e+08,6.73968e-15,148,3.16228e-11
2.19677e+08,7.27558e-15,149,3.16228e-11
2.21277e+08,7.4085e-15,150,3.16228e-11
4.03004e-05,1.55883e-15,10,1e-11
0.000147931,1.21279e-28,11,1e-11
33.8507,1.00414e-23,12,1e-11
972240,1.1519e-19,13,1e-11
3.67646e+06,3.84317e-19,14,1e-11
5.2766e+06,4.86616e-19,15,1e-11
6.8766e+06,1.78848e-16,16,1e-11
8.4766e+06,8.31171e-13,17,1e-11
1.00766e+07,1.43479e-10,18,1e-11
1.16766e+07,8.56863e-09,19,1e-11
1.32766e+07,3.23193e-07,20,1e-11
1.48766e+07,2.77013e-06,21,1e-11
1.64766e+07,1.3419e-05,22,1e-11
1.80766e+07,1.28633e-05,23,1e-11
1.96766e+07,1.15869e-05,24,1e-11
2.12766e+07,1.19442e-05,25,1e-11
2.28766e+07,1.55459e-05,26,1e-11
2.44766e+07,1.47055e-05,27,1e-11
2.60766e+07,1.19852e-05,28,1e-11
2.76766e+07,1.69045e-05,29,1e-11
2.92766e+07,1.7059e-05,30,1e-11
3.08766e+07,1.08069e-05,31,1e-11
3.24766e+07,1.62747e-05,32,1e-11
3.40766e+07,1.66152e-05,33,1e-11
3.56766e+07,1.72503e-05,34,1e-11
3.72766e+07,1.23102e-05,35,1e-11
3.88766e+07,1.47757e-05,36,1e-11
4.04766e+07,1.30775e-05,37,1e-11
4.20766e+07,1.12631e-05,38,1e-11
4.36766e+07,1.4979e-05,39,1e-11
4.52766e+07,1.69321e-05,40,1e-11
4.68766e+07,1.07305e-05,41,1e-11
4.84766e+07,1.13655e-05,42,1e-11
5.00766e+07,1.32913e-05,43,1e-11
5.16766e+07,1.19041e-05,44,1e-11
5.32766e+07,1.62242e-05,45,1e-11
5.48766e+07,1.51316e-05,46,1e-11
5.64766e+07,1.70833e-05,47,1e-11
5.80766e+07,1.42494e-05,48,1e-11
5.96766e+07,1.23528e-05,49,1e-11
6.12766e+07,1.27093e-05,50,1e-11
6.28766e+07,1.65569e-05,51,1e-11
6.44766e+07,1.4738e-05,52,1e-11
6.60766e+07,1.74771e-05,53,1e-11
6.76766e+07,1.11255e-05,54,1e-11
6.92766e+07,1.04552e-05,55,1e-11
7.08766e+07,1.21651e-05,56,1e-11
7.24766e+07,1.79035e-05,57,1e-11
7.40766e+07,1.44354e-05,58,1e-11
7.56766e+07,1.48018e-05,59,1e-11
7.72766e+07,1.50308e-05,60,1e-11
7.88766e+07,1.34081e-05,61,1e-11
8.04766e+07,1.42394e-05,62,1e-11
8.20766e+07,1.18002e-05,63,1e-11
8.36766e+07,1.20829e-05,64,1e-11
8.52766e+07,1.63305e-05,65,1e-11
8.68766e+07,1.21353e-05,66,1e-11
8.84766e+07,1.20345e-05,67,1e-11
9.00766e+07,1.50424e-05,68,1e-11
9.16766e+07,1.49328e-05,69,1e-11
9.32766e+07,1.55306e-05,70,1e-11
9.48766e+07,1.7191e-05,71,1e-11
9.64766e+07,1.47171e-05,72,1e-11
9.80766e+07,1.2887e-05,73,1e-11
9.96766e+07,1.24143e-05,74,1e-11
1.01277e+08,1.2761e-05,75,1e-11
1.02877e+08,1.79646e-05,76,1e-11
1.04477e+08,1.29491e-05,77,1e-11
1.06077e+08,1.40424e-05,78,1e-11
1.07677e+08,1.50399e-05,79,1e-11
1.09277e+08,1.32696e-05,80,1e-11
1.10877e+08,1.53297e-05,81,1e-11
1.12477e+08,1.58303e-05,82,1e-11
1.14077e+08,1.80661e-05,83,1e-11
1.15677e+08,1.81328e-05,84,1e-11
1.17277e+08,1.59926e-05,85,1e-11
1.18877e+08,1.43746e-05,86,1e-11
1.20477e+08,1.67425e-05,87,1e-11
1.22077e+08,1.49737e-05,88,1e-11
1.23677e+08,1.41997e-05,89,1e-11
1.25277e+08,1.42402e-05,90,1e-11
1.26877e+08,1.4401e-05,91,1e-11
1.28477e+08,1.60741e-05,92,1e-11
1.30077e+08,1.46783e-05,93,1e-11
1.31677e+08,1.67707e-05,94,1e-11
1.33277e+08,1.4992e-05,95,1e-11
1.34877e+08,1.7069e-05,96,1e-11
1.36477e+08,1.70311e-05,97,1e-11
1.38077e+08,1.65159e-05,98,1e-11
1.39677e+08,1.61118e-05,99,1e-11
1.41277e+08,1.82036e-05,100,1e-11
1.42877e+08,1.47929e-05,101,1e-11
1.44477e+08,1.46551e-05,102,1e-11
1.46077e+08,1.59314e-05,103,1e-11
1.47677e+08,1.66625e-05,104,1e-11
1.49277e+08,1.63203e-05,105,1e-11
1.50877e+08,1.79505e-05,106,1e-11
1.52477e+08,1.48119e-05,107,1e-11
1.54077e+08,1.55501e-05,108,1e-11
1.55677e+08,1.4895e-05,109,1e-11
1.57277e+08,1.76844e-05,110,1e-11
1.58877e+08,1.74464e-05,111,1e-11
1.60477e+08,1.53638e-05,112,1e-11
1.62077e+08,1.69338e-05,113,1e-11
1.63677e+08,1.54255e-05,114,1e-11
1.65277e+08,1.55143e-05,115,1e-11
1.66877e+08,1.52574e-05,116,1e-11
1.68477e+08,1.76401e-05,117,1e-11
1.70077e+08,1.79876e-05,118,1e-11
1.71677e+08,1.65316e-05,119,1e-11
1.73277e+08,5.34685e-17,120,1e-11
1.74877e+08,5.56812e-17,121,1e-11
1.76477e+08,1.77906e-05,122,1e-11
1.78077e+08,1.67234e-05,123,1e-11
1.79677e+08,1.7349e-05,124,1e-11
1.81277e+08,5.8633e-17,125,1e-11
1.82877e+08,1.79348e-05,126,1e-11
1.84477e+08,6.5484e-17,127,1e-11
1.86077e+08,6.84096e-17,128,1e-11
1.87677e+08,1.44797e-05,129,1e-11
1.89277e+08,6.64982e-17,130,1e-11
1.90877e+08,7.14851e-17,131,1e-11
1.92477e+08,6.86243e-17,132,1e-11
1.94077e+08,7.50431e-17,133,1e-11
1.95677e+08,7.54989e-17,134,1e-11
1.97277e+08,7.3434e-17,135,1e-11
1.98877e+08,8.08728e-17,136,1e-11
2.00477e+08,7.7857e-17,137,1e-11
2.02077e+08,8.14702e-17,138,1e-11
2.03677e+08,8.54931e-17,139,1e-11
2.05277e+08,8.16704e-17,140,1e-11
2.06877e+08,9.03749e-17,141,1e-11
2.08477e+08,9.12356e-17,142,1e-11
2.10077e+08,9.4007e-17,143,1e-11
2.11677e+08,9.07269e-17,144,1e-11
2.13277e+08,9.52671e-17,145,1e-11
2.14877e+08,9.60578e-17,146,1e-11
2.16477e+08,1.0044e-16,147,1e-11
2.18077e+08,1.0142e-16,148,1e-11
2.19677e+08,9.89004e-17,149,1e-11
2.21277e+08,1.05342e-16,150,1e-11
4.03004e-05,1.55883e-15,10,3.16228e-12
0.000147799,1.20489e-28,11,3.16228e-12
33.9751,9.49423e-24,12,3.16228e-12
972240,1.15119e-19,13,3.16228e-12
3.67646e+06,3.80699e-19,14,3.16228e-12
5.2766e+06,4.77254e-19,15,3.16228e-12
6.8766e+06,1.76357e-16,16,3.16228e-12
8.4766e+06,4.6936e-13,17,3.16228e-12
1.00766e+07,1.47854e-10,18,3.16228e-12
1.16766e+07,1.04835e-08,19,3.16228e-12
1.32766e+07,2.15391e-07,20,3.16228e-12
1.48766e+07,3.14398e-06,21,3.16228e-12
1.64766e+07,8.65175e-06,22,3.16228e-12
1.80766e+07,1.40718e-05,23,3.16228e-12
1.96766e+07,1.65559e-05,24,3.16228e-12
2.12766e+07,1.36529e-05,25,3.16228e-12
2.28766e+07,1.09077e-05,26,3.16228e-12
2.44766e+07,1.16052e-05,27,3.16228e-12
2.60766e+07,1.31433e-05,28,3.16228e-12
2.76766e+07,1.15168e-05,29,3.16228e-12
2.92766e+07,1.0554e-05,30,3.16228e-12
3.08766e+07,1.651e-05,31,3.16228e-12
3.24766e+07,1.1296e-05,32,3.16228e-12
3.40766e+07,1.41809e-05,33,3.16228e-12
3.56766e+07,1.49915e-05,34,3.16228e-12
3.72766e+07,1.52073e-05,35,3.16228e-12
3.88766e+07,1.12193e-05,36,3.16228e-12
4.04766e+07,1.66191e-05,37,3.16228e-12
4.20766e+07,1.10865e-05,38,3.16228e-12
4.36766e+07,1.58643e-05,39,3.16228e-12
4.52766e+07,1.29899e-05,40,3.16228e-12
4.68766e+07,1.61044e-05,41,3.16228e-12
4.84766e+07,1.54178e-05,42,3.16228e-12
5.00766e+07,1.10196e-05,43,3.16228e-12
5.16766e+07,1.74826e-05,44,3.16228e-12
5.32766e+07,1.14301e-05,45,3.16228e-12
5.48766e+07,1.06851e-05,46,3.16228e-12
5.64766e+07,1.54862e-05,47,3.16228e-12
5.80766e+07,1.25953e-05,48,3.16228e-12
5.96766e+07,1.75328e-05,49,3.16228e-12
6.12766e+07,1.38767e-05,50,3.16228e-12
6.28766e+07,1.15429e-05,51,3.16228e-12
6.44766e+07,1.19448e-05,52,3.16228e-12
6.60766e+07,1.55381e-05,53,3.16228e-12
6.76766e+07,1.05995e-05,54,3.16228e-12
6.92766e+07,1.70941e-05,55,3.16228e-12
7.08766e+07,1.35416e-05,56,3.16228e-12
7.24766e+07,1.10089e-05,57,3.16228e-12
7.40766e+07,1.75308e-05,58,3.16228e-12
7.56766e+07,1.65483e-05,59,3.16228e-12
7.72766e+07,1.48359e-05,60,3.16228e-12
7.88766e+07,1.12777e-05,61,3.16228e-12
8.04766e+07,1.71459e-05,62,3.16228e-12
8.20766e+07,1.16805e-05,63,3.16228e-12
8.36766e+07,1.50281e-05,64,3.16228e-12
8.52766e+07,1.74024e-05,65,3.16228e-12
8.68766e+07,1.50464e-05,66,3.16228e-12
8.84766e+07,1.67814e-05,67,3.16228e-12
9.00766e+07,1.51637e-05,68,3.16228e-12
9.16766e+07,1.21089e-05,69,3.16228e-12
9.32766e+07,1.61773e-05,70,3.16228e-12
9.48766e+07,1.24437e-05,71,3.16228e-12
9.64766e+07,1.65222e-05,72,3.16228e-12
9.80766e+07,1.35046e-05,73,3.16228e-12
9.96766e+07,1.62287e-05,74,3.16228e-12
1.01277e+08,1.74491e-05,75,3.16228e-12
1.02877e+08,1.34855e-05,76,3.16228e-12
1.04477e+08,1.67457e-05,77,3.16228e-12
1.06077e+08,1.31686e-05,78,3.16228e-12
1.07677e+08,1.56161e-05,79,3.16228e-12
1.09277e+08,1.39525e-05,80,3.16228e-12
1.10877e+08,1.4989e-05,81,3.16228e-12
1.12477e+08,1.34306e-05,82,3.16228e-12
1.14077e+08,1.39017e-05,83,3.16228e-12
1.15677e+08,1.44592e-05,84,3.16228e-12
1.17277e+08,1.7214e-05,85,3.16228e-12
1.18877e+08,1.39053e-05,86,3.16228e-12
1.20477e+08,1.62973e-05,87,3.16228e-12
1.22077e+08,1.67051e-05,88,3.16228e-12
1.23677e+08,1.48146e-05,89,3.16228e-12
1.25277e+08,1.47178e-05,90,3.16228e-12
1.26877e+08,1.35539e-05,91,3.16228e-12
1.28477e+08,1.51663e-05,92,3.16228e-12
1.30077e+08,1.40786e-05,93,3.16228e-12
1.31677e+08,1.61702e-05,94,3.16228e-12
1.33277e+08,1.79789e-05,95,3.16228e-12
1.34877e+08,1.37172e-05,96,3.16228e-12
1.36477e+08,1.48288e-05,97,3.16228e-12
1.38077e+08,1.44619e-05,98,3.16228e-12
1.39677e+08,1.52803e-05,99,3.16228e-12
1.41277e+08,1.59411e-05,100,3.16228e-12
1.42877e+08,1.6609e-05,101,3.16228e-12
1.44477e+08,1.7439e-05,102,3.16228e-12
1.46077e+08,1.65754e-05,103,3.16228e-12
1.47677e+08,1.54188e-05,104,3.16228e-12
1.49277e+08,1.48023e-05,105,3.16228e-12
1.50877e+08,1.79183e-05,106,3.16228e-12
1.52477e+08,1.51228e-05,107,3.16228e-12
1.54077e+08,1.57969e-05,108,3.16228e-12
1.55677e+08,1.59366e-05,109,3.16228e-12
1.57277e+08,1.44228e-05,110,3.16228e-12
1.58877e+08,1.54716e-05,111,3.16228e-12
1.60477e+08,1.64347e-05,112,3.16228e-12
1.62077e+08,1.77733e-05,113,3.16228e-12
1.63677e+08,1.56714e-05,114,3.16228e-12
1.65277e+08,1.71051e-17,115,3.16228e-12
1.66877e+08,1.62098e-05,116,3.16228e-12
1.68477e+08,1.7189e-05,117,3.16228e-12
1.70077e+08,1.68625e-05,118,3.16228e-12
1.71677e+08,1.65121e-05,119,3.16228e-12
1.73277e+08,1.9667e-17,120,3.16228e-12
1.74877e+08,1.78166e-05,121,3.16228e-12
1.76477e+08,1.32779e-05,122,3.16228e-12
1.78077e+08,1.7343e-05,123,3.16228e-12
1.79677e+08,1.9026e-17,124,3.16228e-12
1.81277e+08,1.79316e-05,125,3.16228e-12
1.82877e+08,2.02647e-17,126,3.16228e-12
1.84477e+08,1.78438e-05,127,3.16228e-12
1.86077e+08,2.08485e-17,128,3.16228e-12
1.87677e+08,1.71285e-05,129,3.16228e-12
1.89277e+08,2.04879e-17,130,3.16228e-12
1.90877e+08,2.09773e-17,131,3.16228e-12
1.92477e+08,2.10199e-17,132,3.16228e-12
1.94077e+08,2.27383e-17,133,3.16228e-12
1.95677e+08,2.35677e-17,134,3.16228e-12
1.97277e+08,2.22139e-17,135,3.16228e-12
1.98877e+08,2.23661e-17,136,3.16228e-12
2.00477e+08,2.35983e-17,137,3.16228e-12
2.02077e+08,2.3878e-17,138,3.16228e-12
2.03677e+08,2.43836e-17,139,3.16228e-12
2.05277e+08,2.47575e-17,140,3.16228e-12
2.06877e+08,2.47661e-17,141,3.16228e-12
2.08477e+08,2.53511e-17,142,3.16228e-12
2.10077e+08,2.53043e-17,143,3.16228e-12
2.11677e+08,2.47502e-17,144,3.16228e-12
2.13277e+08,2.47114e-17,145,3.16228e-12
2.14877e+08,2.6924e-17,146,3.16228e-12
2.16477e+08,2.61301e-17,147,3.16228e-12
2.18077e+08,2.62302e-17,148,3.16228e-12
2.19677e+08,2.63927e-17,149,3.16228e-12
2.21277e+08,2.83068e-17,150,3.16228e-12
