popsize,popid,Sin
4.03054e-05,N0,10
1.55943e-15,N1,10
4.5167e-05,N0,10.1
4.14472e-16,N1,10.1
4.83188e-05,N0,10.2
7.64957e-17,N1,10.2
5.17784e-05,N0,10.3
1.11232e-17,N1,10.3
5.70337e-05,N0,10.4
1.33225e-18,N1,10.4
6.25837e-05,N0,10.5
1.08064e-19,N1,10.5
6.95375e-05,N0,10.6
5.93405e-21,N1,10.6
7.79387e-05,N0,10.7
1.86791e-22,N1,10.7
8.55694e-05,N0,10.8
2.37478e-24,N1,10.8
9.4458e-05,N0,10.9
1.03974e-26,N1,10.9
0.000111036,N0,11
1.505e-29,N1,11
0.000132693,N0,11.1
2.74886e-33,N1,11.1
0.000158133,N0,11.2
1.50975e-38,N1,11.2
0.000198393,N0,11.3
3.55662e-46,N1,11.3
0.000632371,N0,11.4
2.25662e-52,N1,11.4
0.00752057,N0,11.5
1.94344e-51,N1,11.5
0.0867113,N0,11.6
1.96206e-50,N1,11.6
0.967232,N0,11.7
1.65647e-49,N1,11.7
10.504,N0,11.8
1.26281e-48,N1,11.8
109.736,N0,11.9
1.34298e-47,N1,11.9
1115.87,N0,12
1.15511e-46,N1,12
10864.5,N0,12.1
9.45608e-46,N1,12.1
94043.6,N0,12.2
6.79775e-45,N1,12.2
493837,N0,12.3
3.28491e-44,N1,12.3
1.00421e+06,N0,12.4
7.70903e-44,N1,12.4
1.26036e+06,N0,12.5
1.24558e-43,N1,12.5
1.43451e+06,N0,12.6
1.86682e-43,N1,12.6
1.59634e+06,N0,12.7
2.76845e-43,N1,12.7
1.75656e+06,N0,12.8
4.00723e-43,N1,12.8
1.91659e+06,N0,12.9
5.89967e-43,N1,12.9
2.0766e+06,N0,13
7.62233e-43,N1,13
2.2366e+06,N0,13.1
1.23005e-42,N1,13.1
2.3966e+06,N0,13.2
1.5401e-42,N1,13.2
2.5566e+06,N0,13.3
2.04976e-42,N1,13.3
2.7166e+06,N0,13.4
4.15045e-42,N1,13.4
2.8766e+06,N0,13.5
1.12081e-39,N1,13.5
3.0366e+06,N0,13.6
1.21368e-37,N1,13.6
3.1966e+06,N0,13.7
1.54747e-35,N1,13.7
3.3566e+06,N0,13.8
9.84738e-34,N1,13.8
3.5166e+06,N0,13.9
4.1322e-32,N1,13.9
3.6766e+06,N0,14
9.47245e-31,N1,14
3.8366e+06,N0,14.1
2.43545e-29,N1,14.1
3.9966e+06,N0,14.2
5.75351e-28,N1,14.2
4.1566e+06,N0,14.3
6.58888e-27,N1,14.3
4.3166e+06,N0,14.4
8.61492e-26,N1,14.4
4.4766e+06,N0,14.5
1.11593e-24,N1,14.5
4.6366e+06,N0,14.6
1.01922e-23,N1,14.6
4.7966e+06,N0,14.7
8.26461e-23,N1,14.7
4.9566e+06,N0,14.8
5.37221e-22,N1,14.8
5.1166e+06,N0,14.9
2.98944e-21,N1,14.9
5.2766e+06,N0,15
1.47224e-20,N1,15
5.4366e+06,N0,15.1
9.67921e-20,N1,15.1
5.5966e+06,N0,15.2
4.55418e-19,N1,15.2
5.7566e+06,N0,15.3
1.80537e-18,N1,15.3
5.9166e+06,N0,15.4
6.21763e-18,N1,15.4
6.0766e+06,N0,15.5
1.77555e-17,N1,15.5
6.2366e+06,N0,15.6
7.9463e-17,N1,15.6
6.3966e+06,N0,15.7
3.25516e-16,N1,15.7
6.5566e+06,N0,15.8
1.02035e-15,N1,15.8
6.7166e+06,N0,15.9
2.92528e-15,N1,15.9
6.8766e+06,N0,16
5.87942e-15,N1,16
7.0366e+06,N0,16.1
1.94553e-14,N1,16.1
7.1966e+06,N0,16.2
5.32619e-14,N1,16.2
7.3566e+06,N0,16.3
8.27132e-14,N1,16.3
7.5166e+06,N0,16.4
2.78118e-13,N1,16.4
7.6766e+06,N0,16.5
5.23927e-13,N1,16.5
7.8366e+06,N0,16.6
1.45659e-12,N1,16.6
7.9966e+06,N0,16.7
3.08712e-12,N1,16.7
8.1566e+06,N0,16.8
7.04728e-12,N1,16.8
8.3166e+06,N0,16.9
1.43232e-11,N1,16.9
8.4766e+06,N0,17
2.38628e-11,N1,17
8.6366e+06,N0,17.1
5.04936e-11,N1,17.1
8.7966e+06,N0,17.2
8.11693e-11,N1,17.2
8.9566e+06,N0,17.3
1.7126e-10,N1,17.3
9.1166e+06,N0,17.4
3.30722e-10,N1,17.4
9.2766e+06,N0,17.5
5.06962e-10,N1,17.5
9.4366e+06,N0,17.6
8.36335e-10,N1,17.6
9.5966e+06,N0,17.7
1.74249e-09,N1,17.7
9.7566e+06,N0,17.8
2.93053e-09,N1,17.8
9.9166e+06,N0,17.9
3.8525e-09,N1,17.9
1.00766e+07,N0,18
5.84967e-09,N1,18
1.02366e+07,N0,18.1
1.16926e-08,N1,18.1
1.03966e+07,N0,18.2
1.39943e-08,N1,18.2
1.05566e+07,N0,18.3
2.64034e-08,N1,18.3
1.07166e+07,N0,18.4
4.18209e-08,N1,18.4
1.08766e+07,N0,18.5
5.49416e-08,N1,18.5
1.10366e+07,N0,18.6
8.67617e-08,N1,18.6
1.11966e+07,N0,18.7
1.21095e-07,N1,18.7
1.13566e+07,N0,18.8
1.59268e-07,N1,18.8
1.15166e+07,N0,18.9
2.40269e-07,N1,18.9
1.16766e+07,N0,19
3.85252e-07,N1,19
1.18366e+07,N0,19.1
5.48569e-07,N1,19.1
1.19966e+07,N0,19.2
8.21052e-07,N1,19.2
1.21566e+07,N0,19.3
9.67083e-07,N1,19.3
1.23166e+07,N0,19.4
1.52402e-06,N1,19.4
1.24766e+07,N0,19.5
2.10649e-06,N1,19.5
1.26366e+07,N0,19.6
2.69983e-06,N1,19.6
1.27966e+07,N0,19.7
5.04881e-06,N1,19.7
1.29566e+07,N0,19.8
4.87195e-06,N1,19.8
1.31166e+07,N0,19.9
6.47844e-06,N1,19.9
1.32766e+07,N0,20
1.02351e-05,N1,20
1.34366e+07,N0,20.1
1.1498e-05,N1,20.1
1.35966e+07,N0,20.2
1.49315e-05,N1,20.2
1.37566e+07,N0,20.3
1.597e-05,N1,20.3
1.39166e+07,N0,20.4
1.42794e-05,N1,20.4
1.40766e+07,N0,20.5
1.50695e-05,N1,20.5
1.42366e+07,N0,20.6
2.27258e-05,N1,20.6
1.43966e+07,N0,20.7
1.54555e-05,N1,20.7
1.45566e+07,N0,20.8
2.23235e-05,N1,20.8
1.47166e+07,N0,20.9
2.25214e-05,N1,20.9
1.48766e+07,N0,21
1.97617e-05,N1,21
1.50366e+07,N0,21.1
1.91659e-05,N1,21.1
1.51966e+07,N0,21.2
1.76978e-05,N1,21.2
1.53566e+07,N0,21.3
1.88397e-05,N1,21.3
1.55166e+07,N0,21.4
2.30311e-05,N1,21.4
1.56766e+07,N0,21.5
2.34718e-05,N1,21.5
1.58366e+07,N0,21.6
2.08389e-05,N1,21.6
1.59966e+07,N0,21.7
1.98132e-05,N1,21.7
1.61566e+07,N0,21.8
2.42999e-05,N1,21.8
1.63166e+07,N0,21.9
2.07965e-05,N1,21.9
1.64766e+07,N0,22
2.35647e-05,N1,22
1.66366e+07,N0,22.1
1.81579e-05,N1,22.1
1.67966e+07,N0,22.2
2.07585e-05,N1,22.2
1.69566e+07,N0,22.3
2.31582e-05,N1,22.3
1.71166e+07,N0,22.4
1.84994e-05,N1,22.4
1.72766e+07,N0,22.5
2.07266e-05,N1,22.5
1.74366e+07,N0,22.6
2.00403e-05,N1,22.6
1.75966e+07,N0,22.7
2.26345e-05,N1,22.7
1.77566e+07,N0,22.8
1.88366e-05,N1,22.8
1.79166e+07,N0,22.9
2.05217e-05,N1,22.9
1.80766e+07,N0,23
2.00251e-05,N1,23
1.82366e+07,N0,23.1
2.38559e-05,N1,23.1
1.83966e+07,N0,23.2
2.6471e-05,N1,23.2
1.85566e+07,N0,23.3
2.47582e-05,N1,23.3
1.87166e+07,N0,23.4
2.39085e-05,N1,23.4
1.88766e+07,N0,23.5
1.96611e-05,N1,23.5
1.90366e+07,N0,23.6
2.38213e-05,N1,23.6
1.91966e+07,N0,23.7
2.4658e-05,N1,23.7
1.93566e+07,N0,23.8
2.50449e-05,N1,23.8
1.95166e+07,N0,23.9
2.27327e-05,N1,23.9
1.96766e+07,N0,24
2.01195e-05,N1,24
1.98366e+07,N0,24.1
2.41273e-05,N1,24.1
1.99966e+07,N0,24.2
2.28812e-05,N1,24.2
2.01566e+07,N0,24.3
2.71993e-05,N1,24.3
2.03166e+07,N0,24.4
2.13984e-05,N1,24.4
2.04766e+07,N0,24.5
2.45227e-05,N1,24.5
2.06366e+07,N0,24.6
2.11157e-05,N1,24.6
2.07966e+07,N0,24.7
2.26544e-05,N1,24.7
2.09566e+07,N0,24.8
2.66134e-05,N1,24.8
2.11166e+07,N0,24.9
2.32935e-05,N1,24.9
2.12766e+07,N0,25
2.12704e-05,N1,25
2.14366e+07,N0,25.1
2.57442e-05,N1,25.1
2.15966e+07,N0,25.2
2.60219e-05,N1,25.2
2.17566e+07,N0,25.3
2.18446e-05,N1,25.3
2.19166e+07,N0,25.4
2.20582e-05,N1,25.4
2.20766e+07,N0,25.5
2.41714e-05,N1,25.5
2.22366e+07,N0,25.6
2.94533e-05,N1,25.6
2.23966e+07,N0,25.7
2.43277e-05,N1,25.7
2.25566e+07,N0,25.8
2.88167e-05,N1,25.8
2.27166e+07,N0,25.9
2.46198e-05,N1,25.9
2.28766e+07,N0,26
2.41809e-05,N1,26
2.30366e+07,N0,26.1
2.72184e-05,N1,26.1
2.31966e+07,N0,26.2
2.83545e-05,N1,26.2
2.33566e+07,N0,26.3
2.5235e-05,N1,26.3
2.35166e+07,N0,26.4
2.92371e-05,N1,26.4
2.36766e+07,N0,26.5
2.51736e-05,N1,26.5
2.38366e+07,N0,26.6
2.34074e-05,N1,26.6
2.39966e+07,N0,26.7
2.7923e-05,N1,26.7
2.41566e+07,N0,26.8
2.88248e-05,N1,26.8
2.43166e+07,N0,26.9
2.53205e-05,N1,26.9
2.44766e+07,N0,27
3.0631e-05,N1,27
2.46366e+07,N0,27.1
2.4696e-05,N1,27.1
2.47966e+07,N0,27.2
2.623e-05,N1,27.2
2.49566e+07,N0,27.3
2.98799e-05,N1,27.3
2.51166e+07,N0,27.4
3.13459e-05,N1,27.4
2.52766e+07,N0,27.5
3.122e-05,N1,27.5
2.54366e+07,N0,27.6
2.62412e-05,N1,27.6
2.55966e+07,N0,27.7
3.05595e-05,N1,27.7
2.57566e+07,N0,27.8
2.67271e-05,N1,27.8
2.59166e+07,N0,27.9
2.96642e-05,N1,27.9
2.60766e+07,N0,28
2.78832e-05,N1,28
2.62366e+07,N0,28.1
2.91929e-05,N1,28.1
2.63966e+07,N0,28.2
3.06108e-05,N1,28.2
2.65566e+07,N0,28.3
3.30076e-05,N1,28.3
2.67166e+07,N0,28.4
2.98536e-05,N1,28.4
2.68766e+07,N0,28.5
3.26971e-05,N1,28.5
2.70366e+07,N0,28.6
2.86344e-05,N1,28.6
2.71966e+07,N0,28.7
3.04915e-05,N1,28.7
2.73566e+07,N0,28.8
2.82832e-05,N1,28.8
2.75166e+07,N0,28.9
2.71748e-05,N1,28.9
2.76766e+07,N0,29
3.47046e-05,N1,29
2.78366e+07,N0,29.1
3.36721e-05,N1,29.1
2.79966e+07,N0,29.2
3.07915e-05,N1,29.2
2.81566e+07,N0,29.3
3.33766e-05,N1,29.3
2.83166e+07,N0,29.4
3.37399e-05,N1,29.4
2.84766e+07,N0,29.5
3.00702e-05,N1,29.5
2.86366e+07,N0,29.6
3.16335e-05,N1,29.6
2.87966e+07,N0,29.7
3.48852e-05,N1,29.7
2.89566e+07,N0,29.8
3.60606e-05,N1,29.8
2.91166e+07,N0,29.9
3.01742e-05,N1,29.9
2.92766e+07,N0,30
3.42729e-05,N1,30
2.94366e+07,N0,30.1
3.55247e-05,N1,30.1
2.95966e+07,N0,30.2
3.50299e-05,N1,30.2
2.97566e+07,N0,30.3
3.39627e-05,N1,30.3
2.99166e+07,N0,30.4
3.61464e-05,N1,30.4
3.00766e+07,N0,30.5
3.30119e-05,N1,30.5
3.02366e+07,N0,30.6
3.74967e-05,N1,30.6
3.03966e+07,N0,30.7
3.22681e-05,N1,30.7
3.05566e+07,N0,30.8
3.70276e-05,N1,30.8
3.07166e+07,N0,30.9
3.14126e-05,N1,30.9
3.08766e+07,N0,31
3.88335e-05,N1,31
3.10366e+07,N0,31.1
3.69567e-05,N1,31.1
3.11966e+07,N0,31.2
3.93557e-05,N1,31.2
3.13566e+07,N0,31.3
3.27173e-05,N1,31.3
3.15166e+07,N0,31.4
3.3866e-05,N1,31.4
3.16766e+07,N0,31.5
4.06192e-05,N1,31.5
3.18366e+07,N0,31.6
3.82604e-05,N1,31.6
3.19966e+07,N0,31.7
3.62904e-05,N1,31.7
3.21566e+07,N0,31.8
4.14329e-05,N1,31.8
3.23166e+07,N0,31.9
3.62935e-05,N1,31.9
3.24766e+07,N0,32
4.06412e-05,N1,32
3.26366e+07,N0,32.1
3.64075e-05,N1,32.1
3.27966e+07,N0,32.2
3.72954e-05,N1,32.2
3.29566e+07,N0,32.3
3.65253e-05,N1,32.3
3.31166e+07,N0,32.4
3.63804e-05,N1,32.4
3.32766e+07,N0,32.5
3.82985e-05,N1,32.5
3.34366e+07,N0,32.6
4.11304e-05,N1,32.6
3.35966e+07,N0,32.7
4.17241e-05,N1,32.7
3.37566e+07,N0,32.8
3.94914e-05,N1,32.8
3.39166e+07,N0,32.9
4.03141e-05,N1,32.9
3.40766e+07,N0,33
4.0428e-05,N1,33
3.42366e+07,N0,33.1
4.0823e-05,N1,33.1
3.43966e+07,N0,33.2
4.35111e-05,N1,33.2
3.45566e+07,N0,33.3
4.58068e-05,N1,33.3
3.47166e+07,N0,33.4
3.96999e-05,N1,33.4
3.48766e+07,N0,33.5
4.57907e-05,N1,33.5
3.50366e+07,N0,33.6
4.39312e-05,N1,33.6
3.51966e+07,N0,33.7
4.40019e-05,N1,33.7
3.53566e+07,N0,33.8
4.04814e-05,N1,33.8
3.55166e+07,N0,33.9
4.44801e-05,N1,33.9
3.56766e+07,N0,34
4.09481e-05,N1,34
3.58366e+07,N0,34.1
4.23212e-05,N1,34.1
3.59966e+07,N0,34.2
4.5898e-05,N1,34.2
3.61566e+07,N0,34.3
4.63647e-05,N1,34.3
3.63166e+07,N0,34.4
4.39864e-05,N1,34.4
3.64766e+07,N0,34.5
4.7149e-05,N1,34.5
3.66366e+07,N0,34.6
4.66068e-05,N1,34.6
3.67966e+07,N0,34.7
4.83996e-05,N1,34.7
3.69566e+07,N0,34.8
5.18744e-05,N1,34.8
3.71166e+07,N0,34.9
5.18828e-05,N1,34.9
3.72766e+07,N0,35
4.95668e-05,N1,35
3.74366e+07,N0,35.1
4.80391e-05,N1,35.1
3.75966e+07,N0,35.2
5.34727e-05,N1,35.2
3.77566e+07,N0,35.3
4.90615e-05,N1,35.3
3.79166e+07,N0,35.4
5.01478e-05,N1,35.4
3.80766e+07,N0,35.5
5.50213e-05,N1,35.5
3.82366e+07,N0,35.6
5.20812e-05,N1,35.6
3.83966e+07,N0,35.7
5.65754e-05,N1,35.7
3.85566e+07,N0,35.8
5.52296e-05,N1,35.8
3.87166e+07,N0,35.9
5.70104e-05,N1,35.9
3.88766e+07,N0,36
5.61767e-05,N1,36
3.90366e+07,N0,36.1
5.25002e-05,N1,36.1
3.91966e+07,N0,36.2
5.34427e-05,N1,36.2
3.93566e+07,N0,36.3
5.4728e-05,N1,36.3
3.95166e+07,N0,36.4
5.29568e-05,N1,36.4
3.96766e+07,N0,36.5
5.43013e-05,N1,36.5
3.98366e+07,N0,36.6
5.36741e-05,N1,36.6
3.99966e+07,N0,36.7
6.11399e-05,N1,36.7
4.01566e+07,N0,36.8
5.86741e-05,N1,36.8
4.03166e+07,N0,36.9
5.63926e-05,N1,36.9
4.04766e+07,N0,37
6.41107e-05,N1,37
4.06366e+07,N0,37.1
6.26944e-05,N1,37.1
4.07966e+07,N0,37.2
6.27131e-05,N1,37.2
4.09566e+07,N0,37.3
6.63489e-05,N1,37.3
4.11166e+07,N0,37.4
6.24959e-05,N1,37.4
4.12766e+07,N0,37.5
6.57094e-05,N1,37.5
4.14366e+07,N0,37.6
6.53083e-05,N1,37.6
4.15966e+07,N0,37.7
6.52584e-05,N1,37.7
4.17566e+07,N0,37.8
6.26126e-05,N1,37.8
4.19166e+07,N0,37.9
6.82075e-05,N1,37.9
4.20766e+07,N0,38
7.03094e-05,N1,38
4.22366e+07,N0,38.1
6.70538e-05,N1,38.1
4.23966e+07,N0,38.2
6.73973e-05,N1,38.2
4.25566e+07,N0,38.3
6.98152e-05,N1,38.3
4.27166e+07,N0,38.4
6.72614e-05,N1,38.4
4.28766e+07,N0,38.5
7.28983e-05,N1,38.5
4.30366e+07,N0,38.6
7.31122e-05,N1,38.6
4.31966e+07,N0,38.7
7.40925e-05,N1,38.7
4.33566e+07,N0,38.8
7.61278e-05,N1,38.8
4.35166e+07,N0,38.9
7.47636e-05,N1,38.9
4.36766e+07,N0,39
7.70704e-05,N1,39
4.38366e+07,N0,39.1
8.07747e-05,N1,39.1
4.39966e+07,N0,39.2
7.46477e-05,N1,39.2
4.41566e+07,N0,39.3
7.96511e-05,N1,39.3
4.43166e+07,N0,39.4
8.17623e-05,N1,39.4
4.44766e+07,N0,39.5
7.8696e-05,N1,39.5
4.46366e+07,N0,39.6
8.71642e-05,N1,39.6
4.47966e+07,N0,39.7
8.06324e-05,N1,39.7
4.49566e+07,N0,39.8
8.70946e-05,N1,39.8
4.51166e+07,N0,39.9
8.41297e-05,N1,39.9
4.52766e+07,N0,40
8.86954e-05,N1,40
4.54366e+07,N0,40.1
8.98617e-05,N1,40.1
4.55966e+07,N0,40.2
8.80265e-05,N1,40.2
4.57566e+07,N0,40.3
9.2996e-05,N1,40.3
4.59166e+07,N0,40.4
9.75229e-05,N1,40.4
4.60766e+07,N0,40.5
9.60278e-05,N1,40.5
4.62366e+07,N0,40.6
0.000100001,N1,40.6
4.63966e+07,N0,40.7
9.58361e-05,N1,40.7
4.65566e+07,N0,40.8
9.8646e-05,N1,40.8
4.67166e+07,N0,40.9
0.000107364,N1,40.9
4.68766e+07,N0,41
0.00013619,N1,41
4.70366e+07,N0,41.1
0.000189669,N1,41.1
4.71966e+07,N0,41.2
0.000251549,N1,41.2
4.73566e+07,N0,41.3
0.000352428,N1,41.3
4.75166e+07,N0,41.4
0.000462928,N1,41.4
4.76766e+07,N0,41.5
0.000645692,N1,41.5
4.78366e+07,N0,41.6
0.000868598,N1,41.6
4.79966e+07,N0,41.7
0.00120136,N1,41.7
4.81566e+07,N0,41.8
0.00162466,N1,41.8
4.83166e+07,N0,41.9
0.00222639,N1,41.9
4.84766e+07,N0,42
0.003024,N1,42
4.86366e+07,N0,42.1
0.00401198,N1,42.1
4.87966e+07,N0,42.2
0.00544625,N1,42.2
4.89566e+07,N0,42.3
0.00753064,N1,42.3
4.91166e+07,N0,42.4
0.0103681,N1,42.4
4.92766e+07,N0,42.5
0.0137989,N1,42.5
4.94366e+07,N0,42.6
0.0190108,N1,42.6
4.95966e+07,N0,42.7
0.0256609,N1,42.7
4.97566e+07,N0,42.8
0.0351882,N1,42.8
4.99166e+07,N0,42.9
0.0470578,N1,42.9
5.00766e+07,N0,43
0.0647307,N1,43
5.02366e+07,N0,43.1
0.0885486,N1,43.1
5.03966e+07,N0,43.2
0.120109,N1,43.2
5.05566e+07,N0,43.3
0.164906,N1,43.3
5.07166e+07,N0,43.4
0.221337,N1,43.4
5.08766e+07,N0,43.5
0.304182,N1,43.5
5.10366e+07,N0,43.6
0.407766,N1,43.6
5.11966e+07,N0,43.7
0.555998,N1,43.7
5.13566e+07,N0,43.8
0.763123,N1,43.8
5.15166e+07,N0,43.9
1.03986,N1,43.9
5.16766e+07,N0,44
1.40847,N1,44
5.18366e+07,N0,44.1
1.90947,N1,44.1
5.19966e+07,N0,44.2
2.59218,N1,44.2
5.21566e+07,N0,44.3
3.52043,N1,44.3
5.23166e+07,N0,44.4
4.83841,N1,44.4
5.24766e+07,N0,44.5
6.54311,N1,44.5
5.26366e+07,N0,44.6
8.88972,N1,44.6
5.27966e+07,N0,44.7
12.101,N1,44.7
5.29566e+07,N0,44.8
16.5153,N1,44.8
5.31166e+07,N0,44.9
22.4335,N1,44.9
5.32766e+07,N0,45
30.605,N1,45
5.34365e+07,N0,45.1
41.5044,N1,45.1
5.35965e+07,N0,45.2
56.1548,N1,45.2
5.37565e+07,N0,45.3
76.5078,N1,45.3
5.39165e+07,N0,45.4
104.204,N1,45.4
5.40764e+07,N0,45.5
142.157,N1,45.5
5.42364e+07,N0,45.6
193.254,N1,45.6
5.43963e+07,N0,45.7
261.817,N1,45.7
5.45562e+07,N0,45.8
355.792,N1,45.8
5.4716e+07,N0,45.9
485.389,N1,45.9
5.48758e+07,N0,46
659.796,N1,46
5.50356e+07,N0,46.1
894.603,N1,46.1
5.51952e+07,N0,46.2
1216.57,N1,46.2
5.53547e+07,N0,46.3
1657.63,N1,46.3
5.5514e+07,N0,46.4
2249.53,N1,46.4
5.56731e+07,N0,46.5
3061.56,N1,46.5
5.58319e+07,N0,46.6
4159.5,N1,46.6
5.59902e+07,N0,46.7
5654.47,N1,46.7
5.61479e+07,N0,46.8
7685.09,N1,46.8
5.63048e+07,N0,46.9
10447,N1,46.9
5.64606e+07,N0,47
14194.5,N1,47
5.66148e+07,N0,47.1
19272.2,N1,47.1
5.67671e+07,N0,47.2
26157.4,N1,47.2
5.69165e+07,N0,47.3
35503.5,N1,47.3
5.70623e+07,N0,47.4
48154.6,N1,47.4
5.7203e+07,N0,47.5
65273.3,N1,47.5
5.73368e+07,N0,47.6
88493.1,N1,47.6
5.74616e+07,N0,47.7
119776,N1,47.7
5.7574e+07,N0,47.8
162015,N1,47.8
5.76702e+07,N0,47.9
218721,N1,47.9
5.77444e+07,N0,48
294916,N1,48
5.77901e+07,N0,48.1
396547,N1,48.1
5.77981e+07,N0,48.2
531573,N1,48.2
5.77574e+07,N0,48.3
709957,N1,48.3
5.76547e+07,N0,48.4
943459,N1,48.4
5.74736e+07,N0,48.5
1.24654e+06,N1,48.5
5.7197e+07,N0,48.6
1.63438e+06,N1,48.6
5.68063e+07,N0,48.7
2.12327e+06,N1,48.7
5.6285e+07,N0,48.8
2.72775e+06,N1,48.8
5.56198e+07,N0,48.9
3.45901e+06,N1,48.9
5.4803e+07,N0,49
4.32359e+06,N1,49
5.38389e+07,N0,49.1
5.31691e+06,N1,49.1
5.27422e+07,N0,49.2
6.42533e+06,N1,49.2
5.15361e+07,N0,49.3
7.62765e+06,N1,49.3
5.02558e+07,N0,49.4
8.89219e+06,N1,49.4
4.89353e+07,N0,49.5
1.01888e+07,N1,49.5
4.7611e+07,N0,49.6
1.14854e+07,N1,49.6
4.63141e+07,N0,49.7
1.27547e+07,N1,49.7
4.50657e+07,N0,49.8
1.39786e+07,N1,49.8
4.38824e+07,N0,49.9
1.51432e+07,N1,49.9
4.27702e+07,N0,50
1.62437e+07,N1,50
4.17342e+07,N0,50.1
1.72764e+07,N1,50.1
4.07697e+07,N0,50.2
1.82454e+07,N1,50.2
3.98753e+07,N0,50.3
1.91528e+07,N1,50.3
3.90425e+07,N0,50.4
2.00059e+07,N1,50.4
3.82661e+07,N0,50.5
2.08096e+07,N1,50.5
3.75398e+07,N0,50.6
2.15695e+07,N1,50.6
3.68565e+07,N0,50.7
2.22919e+07,N1,50.7
3.62116e+07,N0,50.8
2.29809e+07,N1,50.8
3.55991e+07,N0,50.9
2.36417e+07,N1,50.9
3.50149e+07,N0,51
2.42778e+07,N1,51
3.44557e+07,N0,51.1
2.48923e+07,N1,51.1
3.39176e+07,N0,51.2
2.54883e+07,N1,51.2
3.33979e+07,N0,51.3
2.60684e+07,N1,51.3
3.28945e+07,N0,51.4
2.66342e+07,N1,51.4
3.24051e+07,N0,51.5
2.71878e+07,N1,51.5
3.19283e+07,N0,51.6
2.77304e+07,N1,51.6
3.14625e+07,N0,51.7
2.82633e+07,N1,51.7
3.10067e+07,N0,51.8
2.87875e+07,N1,51.8
3.05597e+07,N0,51.9
2.93039e+07,N1,51.9
3.01208e+07,N0,52
2.98131e+07,N1,52
2.96894e+07,N0,52.1
3.03158e+07,N1,52.1
2.92647e+07,N0,52.2
3.08125e+07,N1,52.2
2.88463e+07,N0,52.3
3.13036e+07,N1,52.3
2.84339e+07,N0,52.4
3.17893e+07,N1,52.4
2.8027e+07,N0,52.5
3.22701e+07,N1,52.5
2.76254e+07,N0,52.6
3.27463e+07,N1,52.6
2.72289e+07,N0,52.7
3.32179e+07,N1,52.7
2.68372e+07,N0,52.8
3.36852e+07,N1,52.8
2.64502e+07,N0,52.9
3.41483e+07,N1,52.9
2.60678e+07,N0,53
3.46074e+07,N1,53
2.56897e+07,N0,53.1
3.50626e+07,N1,53.1
2.5316e+07,N0,53.2
3.55139e+07,N1,53.2
2.49466e+07,N0,53.3
3.59614e+07,N1,53.3
2.45814e+07,N0,53.4
3.64052e+07,N1,53.4
2.42202e+07,N0,53.5
3.68453e+07,N1,53.5
2.38632e+07,N0,53.6
3.72819e+07,N1,53.6
2.35103e+07,N0,53.7
3.77148e+07,N1,53.7
2.31614e+07,N0,53.8
3.81443e+07,N1,53.8
2.28165e+07,N0,53.9
3.85702e+07,N1,53.9
2.24756e+07,N0,54
3.89926e+07,N1,54
2.21387e+07,N0,54.1
3.94116e+07,N1,54.1
2.18057e+07,N0,54.2
3.98271e+07,N1,54.2
2.14768e+07,N0,54.3
4.02392e+07,N1,54.3
2.11518e+07,N0,54.4
4.06478e+07,N1,54.4
2.08309e+07,N0,54.5
4.10531e+07,N1,54.5
2.05139e+07,N0,54.6
4.14549e+07,N1,54.6
2.02008e+07,N0,54.7
4.18534e+07,N1,54.7
1.98918e+07,N0,54.8
4.22485e+07,N1,54.8
1.95867e+07,N0,54.9
4.26402e+07,N1,54.9
1.92857e+07,N0,55
4.30285e+07,N1,55
1.89886e+07,N0,55.1
4.34135e+07,N1,55.1
1.86955e+07,N0,55.2
4.37952e+07,N1,55.2
1.84065e+07,N0,55.3
4.41734e+07,N1,55.3
1.81214e+07,N0,55.4
4.45484e+07,N1,55.4
1.78404e+07,N0,55.5
4.492e+07,N1,55.5
1.75633e+07,N0,55.6
4.52884e+07,N1,55.6
1.72903e+07,N0,55.7
4.56534e+07,N1,55.7
1.70213e+07,N0,55.8
4.60151e+07,N1,55.8
1.67563e+07,N0,55.9
4.63735e+07,N1,55.9
1.64953e+07,N0,56
4.67287e+07,N1,56
1.62383e+07,N0,56.1
4.70806e+07,N1,56.1
1.59853e+07,N0,56.2
4.74293e+07,N1,56.2
1.57363e+07,N0,56.3
4.77748e+07,N1,56.3
1.54913e+07,N0,56.4
4.8117e+07,N1,56.4
1.52503e+07,N0,56.5
4.84561e+07,N1,56.5
1.50132e+07,N0,56.6
4.8792e+07,N1,56.6
1.478e+07,N0,56.7
4.91248e+07,N1,56.7
1.45508e+07,N0,56.8
4.94544e+07,N1,56.8
1.43255e+07,N0,56.9
4.97809e+07,N1,56.9
1.4104e+07,N0,57
5.01044e+07,N1,57
1.38865e+07,N0,57.1
5.04248e+07,N1,57.1
1.36728e+07,N0,57.2
5.07421e+07,N1,57.2
1.34629e+07,N0,57.3
5.10565e+07,N1,57.3
1.32568e+07,N0,57.4
5.13679e+07,N1,57.4
1.30544e+07,N0,57.5
5.16764e+07,N1,57.5
1.28558e+07,N0,57.6
5.1982e+07,N1,57.6
1.26609e+07,N0,57.7
5.22847e+07,N1,57.7
1.24696e+07,N0,57.8
5.25845e+07,N1,57.8
1.2282e+07,N0,57.9
5.28816e+07,N1,57.9
1.20979e+07,N0,58
5.31759e+07,N1,58
1.19174e+07,N0,58.1
5.34674e+07,N1,58.1
1.17405e+07,N0,58.2
5.37563e+07,N1,58.2
1.15669e+07,N0,58.3
5.40425e+07,N1,58.3
1.13968e+07,N0,58.4
5.43261e+07,N1,58.4
1.12301e+07,N0,58.5
5.46071e+07,N1,58.5
1.10667e+07,N0,58.6
5.48855e+07,N1,58.6
1.09066e+07,N0,58.7
5.51615e+07,N1,58.7
1.07498e+07,N0,58.8
5.5435e+07,N1,58.8
1.05961e+07,N0,58.9
5.57061e+07,N1,58.9
1.04456e+07,N0,59
5.59749e+07,N1,59
1.02981e+07,N0,59.1
5.62413e+07,N1,59.1
1.01538e+07,N0,59.2
5.65054e+07,N1,59.2
1.00123e+07,N0,59.3
5.67672e+07,N1,59.3
9.87387e+06,N0,59.4
5.70269e+07,N1,59.4
9.73829e+06,N0,59.5
5.72844e+07,N1,59.5
9.60554e+06,N0,59.6
5.75397e+07,N1,59.6
9.47557e+06,N0,59.7
5.7793e+07,N1,59.7
9.34833e+06,N0,59.8
5.80443e+07,N1,59.8
9.22377e+06,N0,59.9
5.82936e+07,N1,59.9
9.10184e+06,N0,60
5.85409e+07,N1,60
8.98248e+06,N0,60.1
5.87863e+07,N1,60.1
8.86564e+06,N0,60.2
5.90298e+07,N1,60.2
8.75127e+06,N0,60.3
5.92715e+07,N1,60.3
8.63932e+06,N0,60.4
5.95115e+07,N1,60.4
8.52973e+06,N0,60.5
5.97496e+07,N1,60.5
8.42247e+06,N0,60.6
5.99861e+07,N1,60.6
8.31747e+06,N0,60.7
6.02209e+07,N1,60.7
8.21469e+06,N0,60.8
6.04541e+07,N1,60.8
8.11409e+06,N0,60.9
6.06856e+07,N1,60.9
8.0156e+06,N0,61
6.09156e+07,N1,61
7.91919e+06,N0,61.1
6.11441e+07,N1,61.1
7.82481e+06,N0,61.2
6.13712e+07,N1,61.2
7.7324e+06,N0,61.3
6.15967e+07,N1,61.3
7.64194e+06,N0,61.4
6.18209e+07,N1,61.4
7.55336e+06,N0,61.5
6.20436e+07,N1,61.5
7.46664e+06,N0,61.6
6.22651e+07,N1,61.6
7.38172e+06,N0,61.7
6.24852e+07,N1,61.7
7.29856e+06,N0,61.8
6.2704e+07,N1,61.8
7.21712e+06,N0,61.9
6.29216e+07,N1,61.9
7.13736e+06,N0,62
6.3138e+07,N1,62
7.05924e+06,N0,62.1
6.33531e+07,N1,62.1
6.98272e+06,N0,62.2
6.35671e+07,N1,62.2
6.90777e+06,N0,62.3
6.378e+07,N1,62.3
6.83434e+06,N0,62.4
6.39918e+07,N1,62.4
6.76239e+06,N0,62.5
6.42025e+07,N1,62.5
6.69191e+06,N0,62.6
6.44122e+07,N1,62.6
6.62283e+06,N0,62.7
6.46208e+07,N1,62.7
6.55515e+06,N0,62.8
6.48284e+07,N1,62.8
6.48881e+06,N0,62.9
6.50351e+07,N1,62.9
6.42379e+06,N0,63
6.52408e+07,N1,63
6.36005e+06,N0,63.1
6.54456e+07,N1,63.1
6.29757e+06,N0,63.2
6.56495e+07,N1,63.2
6.23632e+06,N0,63.3
6.58525e+07,N1,63.3
6.17625e+06,N0,63.4
6.60547e+07,N1,63.4
6.11736e+06,N0,63.5
6.6256e+07,N1,63.5
6.0596e+06,N0,63.6
6.64565e+07,N1,63.6
6.00295e+06,N0,63.7
6.66562e+07,N1,63.7
5.94738e+06,N0,63.8
6.68551e+07,N1,63.8
5.89287e+06,N0,63.9
6.70533e+07,N1,63.9
5.83939e+06,N0,64
6.72507e+07,N1,64
5.78692e+06,N0,64.1
6.74475e+07,N1,64.1
5.73543e+06,N0,64.2
6.76435e+07,N1,64.2
5.6849e+06,N0,64.3
6.78388e+07,N1,64.3
5.6353e+06,N0,64.4
6.80335e+07,N1,64.4
5.58662e+06,N0,64.5
6.82275e+07,N1,64.5
5.53883e+06,N0,64.6
6.84209e+07,N1,64.6
5.49191e+06,N0,64.7
6.86137e+07,N1,64.7
5.44584e+06,N0,64.8
6.88058e+07,N1,64.8
5.4006e+06,N0,64.9
6.89974e+07,N1,64.9
5.35618e+06,N0,65
6.91884e+07,N1,65
5.31254e+06,N0,65.1
6.93789e+07,N1,65.1
5.26968e+06,N0,65.2
6.95687e+07,N1,65.2
5.22757e+06,N0,65.3
6.97581e+07,N1,65.3
5.1862e+06,N0,65.4
6.99469e+07,N1,65.4
5.14555e+06,N0,65.5
7.01352e+07,N1,65.5
5.1056e+06,N0,65.6
7.03231e+07,N1,65.6
5.06634e+06,N0,65.7
7.05104e+07,N1,65.7
5.02775e+06,N0,65.8
7.06972e+07,N1,65.8
4.98982e+06,N0,65.9
7.08836e+07,N1,65.9
4.95253e+06,N0,66
7.10696e+07,N1,66
4.91587e+06,N0,66.1
7.12551e+07,N1,66.1
4.87982e+06,N0,66.2
7.14401e+07,N1,66.2
4.84436e+06,N0,66.3
7.16248e+07,N1,66.3
4.8095e+06,N0,66.4
7.1809e+07,N1,66.4
4.77521e+06,N0,66.5
7.19928e+07,N1,66.5
4.74147e+06,N0,66.6
7.21762e+07,N1,66.6
4.70829e+06,N0,66.7
7.23593e+07,N1,66.7
4.67564e+06,N0,66.8
7.25419e+07,N1,66.8
4.64351e+06,N0,66.9
7.27242e+07,N1,66.9
4.6119e+06,N0,67
7.29062e+07,N1,67
4.58078e+06,N0,67.1
7.30878e+07,N1,67.1
4.55016e+06,N0,67.2
7.3269e+07,N1,67.2
4.52002e+06,N0,67.3
7.34499e+07,N1,67.3
4.49034e+06,N0,67.4
7.36305e+07,N1,67.4
4.46113e+06,N0,67.5
7.38107e+07,N1,67.5
4.43236e+06,N0,67.6
7.39906e+07,N1,67.6
4.40404e+06,N0,67.7
7.41703e+07,N1,67.7
4.37615e+06,N0,67.8
7.43496e+07,N1,67.8
4.34867e+06,N0,67.9
7.45286e+07,N1,67.9
4.32161e+06,N0,68
7.47073e+07,N1,68
4.29496e+06,N0,68.1
7.48858e+07,N1,68.1
4.2687e+06,N0,68.2
7.5064e+07,N1,68.2
4.24283e+06,N0,68.3
7.52419e+07,N1,68.3
4.21734e+06,N0,68.4
7.54195e+07,N1,68.4
4.19222e+06,N0,68.5
7.55969e+07,N1,68.5
4.16746e+06,N0,68.6
7.5774e+07,N1,68.6
4.14307e+06,N0,68.7
7.59508e+07,N1,68.7
4.11902e+06,N0,68.8
7.61275e+07,N1,68.8
4.09532e+06,N0,68.9
7.63039e+07,N1,68.9
4.07195e+06,N0,69
7.648e+07,N1,69
4.04891e+06,N0,69.1
7.66559e+07,N1,69.1
4.0262e+06,N0,69.2
7.68316e+07,N1,69.2
4.0038e+06,N0,69.3
7.70071e+07,N1,69.3
3.98171e+06,N0,69.4
7.71823e+07,N1,69.4
3.95993e+06,N0,69.5
7.73574e+07,N1,69.5
3.93844e+06,N0,69.6
7.75322e+07,N1,69.6
3.91725e+06,N0,69.7
7.77068e+07,N1,69.7
3.89634e+06,N0,69.8
7.78812e+07,N1,69.8
3.87572e+06,N0,69.9
7.80555e+07,N1,69.9
3.85537e+06,N0,70
7.82295e+07,N1,70
3.8353e+06,N0,70.1
7.84034e+07,N1,70.1
3.81549e+06,N0,70.2
7.8577e+07,N1,70.2
3.79594e+06,N0,70.3
7.87505e+07,N1,70.3
3.77665e+06,N0,70.4
7.89238e+07,N1,70.4
3.75761e+06,N0,70.5
7.90969e+07,N1,70.5
3.73881e+06,N0,70.6
7.92699e+07,N1,70.6
3.72026e+06,N0,70.7
7.94427e+07,N1,70.7
3.70195e+06,N0,70.8
7.96153e+07,N1,70.8
3.68387e+06,N0,70.9
7.97877e+07,N1,70.9
3.66602e+06,N0,71
7.996e+07,N1,71
3.64839e+06,N0,71.1
8.01322e+07,N1,71.1
3.63099e+06,N0,71.2
8.03041e+07,N1,71.2
3.6138e+06,N0,71.3
8.0476e+07,N1,71.3
3.59682e+06,N0,71.4
8.06477e+07,N1,71.4
3.58006e+06,N0,71.5
8.08192e+07,N1,71.5
3.5635e+06,N0,71.6
8.09906e+07,N1,71.6
3.54714e+06,N0,71.7
8.11619e+07,N1,71.7
3.53099e+06,N0,71.8
8.1333e+07,N1,71.8
3.51502e+06,N0,71.9
8.1504e+07,N1,71.9
3.49925e+06,N0,72
8.16748e+07,N1,72
3.48367e+06,N0,72.1
8.18455e+07,N1,72.1
3.46827e+06,N0,72.2
8.20161e+07,N1,72.2
3.45306e+06,N0,72.3
8.21866e+07,N1,72.3
3.43802e+06,N0,72.4
8.23569e+07,N1,72.4
3.42317e+06,N0,72.5
8.25271e+07,N1,72.5
3.40848e+06,N0,72.6
8.26972e+07,N1,72.6
3.39396e+06,N0,72.7
8.28672e+07,N1,72.7
3.37962e+06,N0,72.8
8.30371e+07,N1,72.8
3.36543e+06,N0,72.9
8.32068e+07,N1,72.9
3.35141e+06,N0,73
8.33764e+07,N1,73
3.33755e+06,N0,73.1
8.3546e+07,N1,73.1
3.32384e+06,N0,73.2
8.37154e+07,N1,73.2
3.31029e+06,N0,73.3
8.38847e+07,N1,73.3
3.29689e+06,N0,73.4
8.40539e+07,N1,73.4
3.28364e+06,N0,73.5
8.4223e+07,N1,73.5
3.27054e+06,N0,73.6
8.4392e+07,N1,73.6
3.25758e+06,N0,73.7
8.45609e+07,N1,73.7
3.24476e+06,N0,73.8
8.47297e+07,N1,73.8
3.23209e+06,N0,73.9
8.48984e+07,N1,73.9
3.21955e+06,N0,74
8.5067e+07,N1,74
3.20714e+06,N0,74.1
8.52355e+07,N1,74.1
3.19487e+06,N0,74.2
8.54039e+07,N1,74.2
3.18273e+06,N0,74.3
8.55723e+07,N1,74.3
3.17072e+06,N0,74.4
8.57405e+07,N1,74.4
3.15884e+06,N0,74.5
8.59087e+07,N1,74.5
3.14708e+06,N0,74.6
8.60767e+07,N1,74.6
3.13545e+06,N0,74.7
8.62447e+07,N1,74.7
3.12394e+06,N0,74.8
8.64126e+07,N1,74.8
3.11255e+06,N0,74.9
8.65804e+07,N1,74.9
3.10127e+06,N0,75
8.67481e+07,N1,75
3.09012e+06,N0,75.1
8.69158e+07,N1,75.1
3.07907e+06,N0,75.2
8.70834e+07,N1,75.2
3.06814e+06,N0,75.3
8.72509e+07,N1,75.3
3.05732e+06,N0,75.4
8.74183e+07,N1,75.4
3.04661e+06,N0,75.5
8.75856e+07,N1,75.5
3.03601e+06,N0,75.6
8.77529e+07,N1,75.6
3.02552e+06,N0,75.7
8.79201e+07,N1,75.7
3.01512e+06,N0,75.8
8.80872e+07,N1,75.8
3.00484e+06,N0,75.9
8.82542e+07,N1,75.9
2.99465e+06,N0,76
8.84212e+07,N1,76
2.98456e+06,N0,76.1
8.85881e+07,N1,76.1
2.97458e+06,N0,76.2
8.8755e+07,N1,76.2
2.96469e+06,N0,76.3
8.89217e+07,N1,76.3
2.95489e+06,N0,76.4
8.90885e+07,N1,76.4
2.9452e+06,N0,76.5
8.92551e+07,N1,76.5
2.93559e+06,N0,76.6
8.94217e+07,N1,76.6
2.92608e+06,N0,76.7
8.95882e+07,N1,76.7
2.91665e+06,N0,76.8
8.97546e+07,N1,76.8
2.90732e+06,N0,76.9
8.9921e+07,N1,76.9
2.89808e+06,N0,77
9.00874e+07,N1,77
2.88892e+06,N0,77.1
9.02536e+07,N1,77.1
2.87985e+06,N0,77.2
9.04198e+07,N1,77.2
2.87086e+06,N0,77.3
9.0586e+07,N1,77.3
2.86196e+06,N0,77.4
9.07521e+07,N1,77.4
2.85313e+06,N0,77.5
9.09181e+07,N1,77.5
2.84439e+06,N0,77.6
9.10841e+07,N1,77.6
2.83573e+06,N0,77.7
9.125e+07,N1,77.7
2.82715e+06,N0,77.8
9.14159e+07,N1,77.8
2.81865e+06,N0,77.9
9.15817e+07,N1,77.9
2.81022e+06,N0,78
9.17475e+07,N1,78
2.80188e+06,N0,78.1
9.19132e+07,N1,78.1
2.7936e+06,N0,78.2
9.20789e+07,N1,78.2
2.7854e+06,N0,78.3
9.22445e+07,N1,78.3
2.77727e+06,N0,78.4
9.241e+07,N1,78.4
2.76922e+06,N0,78.5
9.25755e+07,N1,78.5
2.76123e+06,N0,78.6
9.2741e+07,N1,78.6
2.75332e+06,N0,78.7
9.29064e+07,N1,78.7
2.74547e+06,N0,78.8
9.30718e+07,N1,78.8
2.7377e+06,N0,78.9
9.32371e+07,N1,78.9
2.72999e+06,N0,79
9.34024e+07,N1,79
2.72235e+06,N0,79.1
9.35676e+07,N1,79.1
2.71477e+06,N0,79.2
9.37328e+07,N1,79.2
2.70726e+06,N0,79.3
9.38979e+07,N1,79.3
2.69981e+06,N0,79.4
9.4063e+07,N1,79.4
2.69243e+06,N0,79.5
9.4228e+07,N1,79.5
2.68511e+06,N0,79.6
9.4393e+07,N1,79.6
2.67785e+06,N0,79.7
9.4558e+07,N1,79.7
2.67065e+06,N0,79.8
9.47229e+07,N1,79.8
2.66351e+06,N0,79.9
9.48878e+07,N1,79.9
2.65644e+06,N0,80
9.50526e+07,N1,80
2.64942e+06,N0,80.1
9.52174e+07,N1,80.1
2.64246e+06,N0,80.2
9.53822e+07,N1,80.2
2.63555e+06,N0,80.3
9.55469e+07,N1,80.3
2.62871e+06,N0,80.4
9.57116e+07,N1,80.4
2.62192e+06,N0,80.5
9.58762e+07,N1,80.5
2.61518e+06,N0,80.6
9.60408e+07,N1,80.6
2.6085e+06,N0,80.7
9.62054e+07,N1,80.7
2.60187e+06,N0,80.8
9.63699e+07,N1,80.8
2.5953e+06,N0,80.9
9.65344e+07,N1,80.9
2.58878e+06,N0,81
9.66989e+07,N1,81
2.58231e+06,N0,81.1
9.68633e+07,N1,81.1
2.5759e+06,N0,81.2
9.70277e+07,N1,81.2
2.56953e+06,N0,81.3
9.7192e+07,N1,81.3
2.56322e+06,N0,81.4
9.73563e+07,N1,81.4
2.55695e+06,N0,81.5
9.75206e+07,N1,81.5
2.55073e+06,N0,81.6
9.76848e+07,N1,81.6
2.54457e+06,N0,81.7
9.7849e+07,N1,81.7
2.53845e+06,N0,81.8
9.80132e+07,N1,81.8
2.53237e+06,N0,81.9
9.81774e+07,N1,81.9
2.52635e+06,N0,82
9.83415e+07,N1,82
2.52037e+06,N0,82.1
9.85056e+07,N1,82.1
2.51444e+06,N0,82.2
9.86696e+07,N1,82.2
2.50855e+06,N0,82.3
9.88336e+07,N1,82.3
2.50271e+06,N0,82.4
9.89976e+07,N1,82.4
2.49691e+06,N0,82.5
9.91616e+07,N1,82.5
2.49116e+06,N0,82.6
9.93255e+07,N1,82.6
2.48545e+06,N0,82.7
9.94894e+07,N1,82.7
2.47978e+06,N0,82.8
9.96533e+07,N1,82.8
2.47415e+06,N0,82.9
9.98171e+07,N1,82.9
2.46857e+06,N0,83
9.99809e+07,N1,83
2.46303e+06,N0,83.1
1.00145e+08,N1,83.1
2.45753e+06,N0,83.2
1.00308e+08,N1,83.2
2.45207e+06,N0,83.3
1.00472e+08,N1,83.3
2.44665e+06,N0,83.4
1.00636e+08,N1,83.4
2.44127e+06,N0,83.5
1.008e+08,N1,83.5
2.43593e+06,N0,83.6
1.00963e+08,N1,83.6
2.43062e+06,N0,83.7
1.01127e+08,N1,83.7
2.42536e+06,N0,83.8
1.0129e+08,N1,83.8
2.42014e+06,N0,83.9
1.01454e+08,N1,83.9
2.41495e+06,N0,84
1.01617e+08,N1,84
2.4098e+06,N0,84.1
1.01781e+08,N1,84.1
2.40468e+06,N0,84.2
1.01944e+08,N1,84.2
2.39961e+06,N0,84.3
1.02108e+08,N1,84.3
2.39457e+06,N0,84.4
1.02271e+08,N1,84.4
2.38956e+06,N0,84.5
1.02435e+08,N1,84.5
2.38459e+06,N0,84.6
1.02598e+08,N1,84.6
2.37965e+06,N0,84.7
1.02762e+08,N1,84.7
2.37475e+06,N0,84.8
1.02925e+08,N1,84.8
2.36989e+06,N0,84.9
1.03088e+08,N1,84.9
2.36506e+06,N0,85
1.03252e+08,N1,85
2.36026e+06,N0,85.1
1.03415e+08,N1,85.1
2.35549e+06,N0,85.2
1.03578e+08,N1,85.2
2.35076e+06,N0,85.3
1.03741e+08,N1,85.3
2.34606e+06,N0,85.4
1.03904e+08,N1,85.4
2.34139e+06,N0,85.5
1.04068e+08,N1,85.5
2.33675e+06,N0,85.6
1.04231e+08,N1,85.6
2.33215e+06,N0,85.7
1.04394e+08,N1,85.7
2.32757e+06,N0,85.8
1.04557e+08,N1,85.8
2.32303e+06,N0,85.9
1.0472e+08,N1,85.9
2.31852e+06,N0,86
1.04883e+08,N1,86
2.31404e+06,N0,86.1
1.05046e+08,N1,86.1
2.30959e+06,N0,86.2
1.05209e+08,N1,86.2
2.30517e+06,N0,86.3
1.05372e+08,N1,86.3
2.30077e+06,N0,86.4
1.05535e+08,N1,86.4
2.29641e+06,N0,86.5
1.05698e+08,N1,86.5
2.29207e+06,N0,86.6
1.05861e+08,N1,86.6
2.28777e+06,N0,86.7
1.06024e+08,N1,86.7
2.28349e+06,N0,86.8
1.06187e+08,N1,86.8
2.27924e+06,N0,86.9
1.0635e+08,N1,86.9
2.27502e+06,N0,87
1.06513e+08,N1,87
2.27082e+06,N0,87.1
1.06676e+08,N1,87.1
2.26666e+06,N0,87.2
1.06839e+08,N1,87.2
2.26252e+06,N0,87.3
1.07001e+08,N1,87.3
2.2584e+06,N0,87.4
1.07164e+08,N1,87.4
2.25432e+06,N0,87.5
1.07327e+08,N1,87.5
2.25026e+06,N0,87.6
1.0749e+08,N1,87.6
2.24622e+06,N0,87.7
1.07652e+08,N1,87.7
2.24221e+06,N0,87.8
1.07815e+08,N1,87.8
2.23823e+06,N0,87.9
1.07978e+08,N1,87.9
2.23427e+06,N0,88
1.08141e+08,N1,88
2.23033e+06,N0,88.1
1.08303e+08,N1,88.1
2.22643e+06,N0,88.2
1.08466e+08,N1,88.2
2.22254e+06,N0,88.3
1.08629e+08,N1,88.3
2.21868e+06,N0,88.4
1.08791e+08,N1,88.4
2.21484e+06,N0,88.5
1.08954e+08,N1,88.5
2.21103e+06,N0,88.6
1.09116e+08,N1,88.6
2.20724e+06,N0,88.7
1.09279e+08,N1,88.7
2.20348e+06,N0,88.8
1.09442e+08,N1,88.8
2.19974e+06,N0,88.9
1.09604e+08,N1,88.9
2.19602e+06,N0,89
1.09767e+08,N1,89
2.19232e+06,N0,89.1
1.09929e+08,N1,89.1
2.18865e+06,N0,89.2
1.10092e+08,N1,89.2
2.18499e+06,N0,89.3
1.10254e+08,N1,89.3
2.18136e+06,N0,89.4
1.10417e+08,N1,89.4
2.17776e+06,N0,89.5
1.10579e+08,N1,89.5
2.17417e+06,N0,89.6
1.10742e+08,N1,89.6
2.17061e+06,N0,89.7
1.10904e+08,N1,89.7
2.16706e+06,N0,89.8
1.11066e+08,N1,89.8
2.16354e+06,N0,89.9
1.11229e+08,N1,89.9
2.16004e+06,N0,90
1.11391e+08,N1,90
2.15656e+06,N0,90.1
1.11554e+08,N1,90.1
2.1531e+06,N0,90.2
1.11716e+08,N1,90.2
2.14966e+06,N0,90.3
1.11878e+08,N1,90.3
2.14625e+06,N0,90.4
1.12041e+08,N1,90.4
2.14285e+06,N0,90.5
1.12203e+08,N1,90.5
2.13947e+06,N0,90.6
1.12365e+08,N1,90.6
2.13611e+06,N0,90.7
1.12527e+08,N1,90.7
2.13277e+06,N0,90.8
1.1269e+08,N1,90.8
2.12945e+06,N0,90.9
1.12852e+08,N1,90.9
2.12615e+06,N0,91
1.13014e+08,N1,91
2.12287e+06,N0,91.1
1.13176e+08,N1,91.1
2.11961e+06,N0,91.2
1.13339e+08,N1,91.2
2.11636e+06,N0,91.3
1.13501e+08,N1,91.3
2.11314e+06,N0,91.4
1.13663e+08,N1,91.4
2.10993e+06,N0,91.5
1.13825e+08,N1,91.5
2.10674e+06,N0,91.6
1.13987e+08,N1,91.6
2.10357e+06,N0,91.7
1.1415e+08,N1,91.7
2.10042e+06,N0,91.8
1.14312e+08,N1,91.8
2.09728e+06,N0,91.9
1.14474e+08,N1,91.9
2.09417e+06,N0,92
1.14636e+08,N1,92
2.09107e+06,N0,92.1
1.14798e+08,N1,92.1
2.08799e+06,N0,92.2
1.1496e+08,N1,92.2
2.08492e+06,N0,92.3
1.15122e+08,N1,92.3
2.08187e+06,N0,92.4
1.15284e+08,N1,92.4
2.07884e+06,N0,92.5
1.15446e+08,N1,92.5
2.07583e+06,N0,92.6
1.15608e+08,N1,92.6
2.07283e+06,N0,92.7
1.1577e+08,N1,92.7
2.06985e+06,N0,92.8
1.15933e+08,N1,92.8
2.06688e+06,N0,92.9
1.16095e+08,N1,92.9
2.06394e+06,N0,93
1.16257e+08,N1,93
2.061e+06,N0,93.1
1.16419e+08,N1,93.1
2.05809e+06,N0,93.2
1.16581e+08,N1,93.2
2.05519e+06,N0,93.3
1.16742e+08,N1,93.3
2.0523e+06,N0,93.4
1.16904e+08,N1,93.4
2.04943e+06,N0,93.5
1.17066e+08,N1,93.5
2.04658e+06,N0,93.6
1.17228e+08,N1,93.6
2.04374e+06,N0,93.7
1.1739e+08,N1,93.7
2.04092e+06,N0,93.8
1.17552e+08,N1,93.8
2.03811e+06,N0,93.9
1.17714e+08,N1,93.9
2.03532e+06,N0,94
1.17876e+08,N1,94
2.03254e+06,N0,94.1
1.18038e+08,N1,94.1
2.02978e+06,N0,94.2
1.182e+08,N1,94.2
2.02703e+06,N0,94.3
1.18362e+08,N1,94.3
2.0243e+06,N0,94.4
1.18523e+08,N1,94.4
2.02158e+06,N0,94.5
1.18685e+08,N1,94.5
2.01887e+06,N0,94.6
1.18847e+08,N1,94.6
2.01618e+06,N0,94.7
1.19009e+08,N1,94.7
2.0135e+06,N0,94.8
1.19171e+08,N1,94.8
2.01084e+06,N0,94.9
1.19333e+08,N1,94.9
2.00819e+06,N0,95
1.19494e+08,N1,95
2.00556e+06,N0,95.1
1.19656e+08,N1,95.1
2.00293e+06,N0,95.2
1.19818e+08,N1,95.2
2.00033e+06,N0,95.3
1.1998e+08,N1,95.3
1.99773e+06,N0,95.4
1.20142e+08,N1,95.4
1.99515e+06,N0,95.5
1.20303e+08,N1,95.5
1.99258e+06,N0,95.6
1.20465e+08,N1,95.6
1.99003e+06,N0,95.7
1.20627e+08,N1,95.7
1.98748e+06,N0,95.8
1.20789e+08,N1,95.8
1.98495e+06,N0,95.9
1.2095e+08,N1,95.9
1.98244e+06,N0,96
1.21112e+08,N1,96
1.97993e+06,N0,96.1
1.21274e+08,N1,96.1
1.97744e+06,N0,96.2
1.21435e+08,N1,96.2
1.97497e+06,N0,96.3
1.21597e+08,N1,96.3
1.9725e+06,N0,96.4
1.21759e+08,N1,96.4
1.97005e+06,N0,96.5
1.2192e+08,N1,96.5
1.9676e+06,N0,96.6
1.22082e+08,N1,96.6
1.96518e+06,N0,96.7
1.22244e+08,N1,96.7
1.96276e+06,N0,96.8
1.22405e+08,N1,96.8
1.96035e+06,N0,96.9
1.22567e+08,N1,96.9
1.95796e+06,N0,97
1.22729e+08,N1,97
1.95558e+06,N0,97.1
1.2289e+08,N1,97.1
1.95321e+06,N0,97.2
1.23052e+08,N1,97.2
1.95085e+06,N0,97.3
1.23213e+08,N1,97.3
1.9485e+06,N0,97.4
1.23375e+08,N1,97.4
1.94617e+06,N0,97.5
1.23537e+08,N1,97.5
1.94385e+06,N0,97.6
1.23698e+08,N1,97.6
1.94153e+06,N0,97.7
1.2386e+08,N1,97.7
1.93923e+06,N0,97.8
1.24021e+08,N1,97.8
1.93694e+06,N0,97.9
1.24183e+08,N1,97.9
1.93466e+06,N0,98
1.24344e+08,N1,98
1.9324e+06,N0,98.1
1.24506e+08,N1,98.1
1.93014e+06,N0,98.2
1.24667e+08,N1,98.2
1.92789e+06,N0,98.3
1.24829e+08,N1,98.3
1.92566e+06,N0,98.4
1.24991e+08,N1,98.4
1.92343e+06,N0,98.5
1.25152e+08,N1,98.5
1.92122e+06,N0,98.6
1.25314e+08,N1,98.6
1.91902e+06,N0,98.7
1.25475e+08,N1,98.7
1.91682e+06,N0,98.8
1.25637e+08,N1,98.8
1.91464e+06,N0,98.9
1.25798e+08,N1,98.9
1.91247e+06,N0,99
1.25959e+08,N1,99
1.91031e+06,N0,99.1
1.26121e+08,N1,99.1
1.90816e+06,N0,99.2
1.26282e+08,N1,99.2
1.90601e+06,N0,99.3
1.26444e+08,N1,99.3
1.90388e+06,N0,99.4
1.26605e+08,N1,99.4
1.90176e+06,N0,99.5
1.26767e+08,N1,99.5
1.89965e+06,N0,99.6
1.26928e+08,N1,99.6
1.89755e+06,N0,99.7
1.2709e+08,N1,99.7
1.89545e+06,N0,99.8
1.27251e+08,N1,99.8
1.89337e+06,N0,99.9
1.27412e+08,N1,99.9
1.8913e+06,N0,100
1.27574e+08,N1,100
1.88923e+06,N0,100.1
1.27735e+08,N1,100.1
1.88718e+06,N0,100.2
1.27897e+08,N1,100.2
1.88514e+06,N0,100.3
1.28058e+08,N1,100.3
1.8831e+06,N0,100.4
1.28219e+08,N1,100.4
1.88107e+06,N0,100.5
1.28381e+08,N1,100.5
1.87906e+06,N0,100.6
1.28542e+08,N1,100.6
1.87705e+06,N0,100.7
1.28704e+08,N1,100.7
1.87505e+06,N0,100.8
1.28865e+08,N1,100.8
1.87306e+06,N0,100.9
1.29026e+08,N1,100.9
1.87108e+06,N0,101
1.29188e+08,N1,101
1.86911e+06,N0,101.1
1.29349e+08,N1,101.1
1.86715e+06,N0,101.2
1.2951e+08,N1,101.2
1.86519e+06,N0,101.3
1.29672e+08,N1,101.3
1.86325e+06,N0,101.4
1.29833e+08,N1,101.4
1.86131e+06,N0,101.5
1.29994e+08,N1,101.5
1.85938e+06,N0,101.6
1.30156e+08,N1,101.6
1.85746e+06,N0,101.7
1.30317e+08,N1,101.7
1.85555e+06,N0,101.8
1.30478e+08,N1,101.8
1.85365e+06,N0,101.9
1.30639e+08,N1,101.9
1.85176e+06,N0,102
1.30801e+08,N1,102
1.84987e+06,N0,102.1
1.30962e+08,N1,102.1
1.84799e+06,N0,102.2
1.31123e+08,N1,102.2
1.84613e+06,N0,102.3
1.31285e+08,N1,102.3
1.84426e+06,N0,102.4
1.31446e+08,N1,102.4
1.84241e+06,N0,102.5
1.31607e+08,N1,102.5
1.84057e+06,N0,102.6
1.31768e+08,N1,102.6
1.83873e+06,N0,102.7
1.3193e+08,N1,102.7
1.8369e+06,N0,102.8
1.32091e+08,N1,102.8
1.83508e+06,N0,102.9
1.32252e+08,N1,102.9
1.83327e+06,N0,103
1.32413e+08,N1,103
1.83146e+06,N0,103.1
1.32574e+08,N1,103.1
1.82967e+06,N0,103.2
1.32736e+08,N1,103.2
1.82788e+06,N0,103.3
1.32897e+08,N1,103.3
1.82609e+06,N0,103.4
1.33058e+08,N1,103.4
1.82432e+06,N0,103.5
1.33219e+08,N1,103.5
1.82255e+06,N0,103.6
1.33381e+08,N1,103.6
1.82079e+06,N0,103.7
1.33542e+08,N1,103.7
1.81904e+06,N0,103.8
1.33703e+08,N1,103.8
1.8173e+06,N0,103.9
1.33864e+08,N1,103.9
1.81556e+06,N0,104
1.34025e+08,N1,104
1.81383e+06,N0,104.1
1.34186e+08,N1,104.1
1.81211e+06,N0,104.2
1.34348e+08,N1,104.2
1.81039e+06,N0,104.3
1.34509e+08,N1,104.3
1.80869e+06,N0,104.4
1.3467e+08,N1,104.4
1.80698e+06,N0,104.5
1.34831e+08,N1,104.5
1.80529e+06,N0,104.6
1.34992e+08,N1,104.6
1.8036e+06,N0,104.7
1.35153e+08,N1,104.7
1.80192e+06,N0,104.8
1.35315e+08,N1,104.8
1.80025e+06,N0,104.9
1.35476e+08,N1,104.9
1.79859e+06,N0,105
1.35637e+08,N1,105
1.79693e+06,N0,105.1
1.35798e+08,N1,105.1
1.79528e+06,N0,105.2
1.35959e+08,N1,105.2
1.79363e+06,N0,105.3
1.3612e+08,N1,105.3
1.79199e+06,N0,105.4
1.36281e+08,N1,105.4
1.79036e+06,N0,105.5
1.36442e+08,N1,105.5
1.78874e+06,N0,105.6
1.36603e+08,N1,105.6
1.78712e+06,N0,105.7
1.36765e+08,N1,105.7
1.78551e+06,N0,105.8
1.36926e+08,N1,105.8
1.7839e+06,N0,105.9
1.37087e+08,N1,105.9
1.7823e+06,N0,106
1.37248e+08,N1,106
1.78071e+06,N0,106.1
1.37409e+08,N1,106.1
1.77912e+06,N0,106.2
1.3757e+08,N1,106.2
1.77754e+06,N0,106.3
1.37731e+08,N1,106.3
1.77597e+06,N0,106.4
1.37892e+08,N1,106.4
1.7744e+06,N0,106.5
1.38053e+08,N1,106.5
1.77284e+06,N0,106.6
1.38214e+08,N1,106.6
1.77129e+06,N0,106.7
1.38375e+08,N1,106.7
1.76974e+06,N0,106.8
1.38536e+08,N1,106.8
1.7682e+06,N0,106.9
1.38697e+08,N1,106.9
1.76667e+06,N0,107
1.38858e+08,N1,107
1.76514e+06,N0,107.1
1.39019e+08,N1,107.1
1.76361e+06,N0,107.2
1.39181e+08,N1,107.2
1.76209e+06,N0,107.3
1.39342e+08,N1,107.3
1.76058e+06,N0,107.4
1.39503e+08,N1,107.4
1.75908e+06,N0,107.5
1.39664e+08,N1,107.5
1.75758e+06,N0,107.6
1.39825e+08,N1,107.6
1.75609e+06,N0,107.7
1.39986e+08,N1,107.7
1.7546e+06,N0,107.8
1.40147e+08,N1,107.8
1.75312e+06,N0,107.9
1.40308e+08,N1,107.9
1.75164e+06,N0,108
1.40469e+08,N1,108
1.75017e+06,N0,108.1
1.4063e+08,N1,108.1
1.7487e+06,N0,108.2
1.40791e+08,N1,108.2
1.74725e+06,N0,108.3
1.40952e+08,N1,108.3
1.74579e+06,N0,108.4
1.41113e+08,N1,108.4
1.74434e+06,N0,108.5
1.41274e+08,N1,108.5
1.7429e+06,N0,108.6
1.41435e+08,N1,108.6
1.74147e+06,N0,108.7
1.41596e+08,N1,108.7
1.74003e+06,N0,108.8
1.41757e+08,N1,108.8
1.73861e+06,N0,108.9
1.41917e+08,N1,108.9
1.73719e+06,N0,109
1.42078e+08,N1,109
1.73577e+06,N0,109.1
1.42239e+08,N1,109.1
1.73436e+06,N0,109.2
1.424e+08,N1,109.2
1.73296e+06,N0,109.3
1.42561e+08,N1,109.3
1.73156e+06,N0,109.4
1.42722e+08,N1,109.4
1.73017e+06,N0,109.5
1.42883e+08,N1,109.5
1.72878e+06,N0,109.6
1.43044e+08,N1,109.6
1.7274e+06,N0,109.7
1.43205e+08,N1,109.7
1.72602e+06,N0,109.8
1.43366e+08,N1,109.8
1.72465e+06,N0,109.9
1.43527e+08,N1,109.9
1.72328e+06,N0,110
1.43688e+08,N1,110
1.72192e+06,N0,110.1
1.43849e+08,N1,110.1
1.72056e+06,N0,110.2
1.4401e+08,N1,110.2
1.71921e+06,N0,110.3
1.44171e+08,N1,110.3
1.71786e+06,N0,110.4
1.44332e+08,N1,110.4
1.71652e+06,N0,110.5
1.44492e+08,N1,110.5
1.71518e+06,N0,110.6
1.44653e+08,N1,110.6
1.71385e+06,N0,110.7
1.44814e+08,N1,110.7
1.71253e+06,N0,110.8
1.44975e+08,N1,110.8
1.7112e+06,N0,110.9
1.45136e+08,N1,110.9
1.70989e+06,N0,111
1.45297e+08,N1,111
1.70857e+06,N0,111.1
1.45458e+08,N1,111.1
1.70727e+06,N0,111.2
1.45619e+08,N1,111.2
1.70596e+06,N0,111.3
1.4578e+08,N1,111.3
1.70467e+06,N0,111.4
1.4594e+08,N1,111.4
1.70337e+06,N0,111.5
1.46101e+08,N1,111.5
1.70208e+06,N0,111.6
1.46262e+08,N1,111.6
1.7008e+06,N0,111.7
1.46423e+08,N1,111.7
1.69952e+06,N0,111.8
1.46584e+08,N1,111.8
1.69825e+06,N0,111.9
1.46745e+08,N1,111.9
1.69698e+06,N0,112
1.46906e+08,N1,112
1.69571e+06,N0,112.1
1.47067e+08,N1,112.1
1.69445e+06,N0,112.2
1.47227e+08,N1,112.2
1.6932e+06,N0,112.3
1.47388e+08,N1,112.3
1.69194e+06,N0,112.4
1.47549e+08,N1,112.4
1.6907e+06,N0,112.5
1.4771e+08,N1,112.5
1.68945e+06,N0,112.6
1.47871e+08,N1,112.6
1.68822e+06,N0,112.7
1.48032e+08,N1,112.7
1.68698e+06,N0,112.8
1.48192e+08,N1,112.8
1.68575e+06,N0,112.9
1.48353e+08,N1,112.9
1.68453e+06,N0,113
1.48514e+08,N1,113
1.68331e+06,N0,113.1
1.48675e+08,N1,113.1
1.68209e+06,N0,113.2
1.48836e+08,N1,113.2
1.68088e+06,N0,113.3
1.48997e+08,N1,113.3
1.67967e+06,N0,113.4
1.49157e+08,N1,113.4
1.67847e+06,N0,113.5
1.49318e+08,N1,113.5
1.67727e+06,N0,113.6
1.49479e+08,N1,113.6
1.67607e+06,N0,113.7
1.4964e+08,N1,113.7
1.67488e+06,N0,113.8
1.49801e+08,N1,113.8
1.6737e+06,N0,113.9
1.49961e+08,N1,113.9
1.67251e+06,N0,114
1.50122e+08,N1,114
1.67134e+06,N0,114.1
1.50283e+08,N1,114.1
1.67016e+06,N0,114.2
1.50444e+08,N1,114.2
1.66899e+06,N0,114.3
1.50605e+08,N1,114.3
1.66783e+06,N0,114.4
1.50765e+08,N1,114.4
1.66666e+06,N0,114.5
1.50926e+08,N1,114.5
1.66551e+06,N0,114.6
1.51087e+08,N1,114.6
1.66435e+06,N0,114.7
1.51248e+08,N1,114.7
1.6632e+06,N0,114.8
1.51409e+08,N1,114.8
1.66206e+06,N0,114.9
1.51569e+08,N1,114.9
1.66091e+06,N0,115
1.5173e+08,N1,115
1.65978e+06,N0,115.1
1.51891e+08,N1,115.1
1.65864e+06,N0,115.2
1.52052e+08,N1,115.2
1.65751e+06,N0,115.3
1.52212e+08,N1,115.3
1.65639e+06,N0,115.4
1.52373e+08,N1,115.4
1.65526e+06,N0,115.5
1.52534e+08,N1,115.5
1.65414e+06,N0,115.6
1.52695e+08,N1,115.6
1.65303e+06,N0,115.7
1.52855e+08,N1,115.7
1.65192e+06,N0,115.8
1.53016e+08,N1,115.8
1.65081e+06,N0,115.9
1.53177e+08,N1,115.9
1.64971e+06,N0,116
1.53338e+08,N1,116
1.64861e+06,N0,116.1
1.53498e+08,N1,116.1
1.64751e+06,N0,116.2
1.53659e+08,N1,116.2
1.64642e+06,N0,116.3
1.5382e+08,N1,116.3
1.64533e+06,N0,116.4
1.53981e+08,N1,116.4
1.64424e+06,N0,116.5
1.54141e+08,N1,116.5
1.64316e+06,N0,116.6
1.54302e+08,N1,116.6
1.64208e+06,N0,116.7
1.54463e+08,N1,116.7
1.64101e+06,N0,116.8
1.54624e+08,N1,116.8
1.63994e+06,N0,116.9
1.54784e+08,N1,116.9
1.63887e+06,N0,117
1.54945e+08,N1,117
1.63781e+06,N0,117.1
1.55106e+08,N1,117.1
1.63675e+06,N0,117.2
1.55267e+08,N1,117.2
1.63569e+06,N0,117.3
1.55427e+08,N1,117.3
1.63464e+06,N0,117.4
1.55588e+08,N1,117.4
1.63359e+06,N0,117.5
1.55749e+08,N1,117.5
1.63254e+06,N0,117.6
1.55909e+08,N1,117.6
1.6315e+06,N0,117.7
1.5607e+08,N1,117.7
1.63046e+06,N0,117.8
1.56231e+08,N1,117.8
1.62942e+06,N0,117.9
1.56391e+08,N1,117.9
1.62839e+06,N0,118
1.56552e+08,N1,118
1.62736e+06,N0,118.1
1.56713e+08,N1,118.1
1.62633e+06,N0,118.2
1.56874e+08,N1,118.2
1.62531e+06,N0,118.3
1.57034e+08,N1,118.3
1.62429e+06,N0,118.4
1.57195e+08,N1,118.4
1.62328e+06,N0,118.5
1.57356e+08,N1,118.5
1.62226e+06,N0,118.6
1.57516e+08,N1,118.6
1.62125e+06,N0,118.7
1.57677e+08,N1,118.7
1.62025e+06,N0,118.8
1.57838e+08,N1,118.8
1.61925e+06,N0,118.9
1.57998e+08,N1,118.9
1.61825e+06,N0,119
1.58159e+08,N1,119
1.61725e+06,N0,119.1
1.5832e+08,N1,119.1
1.61626e+06,N0,119.2
1.5848e+08,N1,119.2
1.61527e+06,N0,119.3
1.58641e+08,N1,119.3
1.61428e+06,N0,119.4
1.58802e+08,N1,119.4
1.6133e+06,N0,119.5
1.58962e+08,N1,119.5
1.61231e+06,N0,119.6
1.59123e+08,N1,119.6
1.61134e+06,N0,119.7
1.59284e+08,N1,119.7
1.61036e+06,N0,119.8
1.59444e+08,N1,119.8
1.60939e+06,N0,119.9
1.59605e+08,N1,119.9
1.60842e+06,N0,120
1.59766e+08,N1,120
1.60746e+06,N0,120.1
1.59926e+08,N1,120.1
1.6065e+06,N0,120.2
1.60087e+08,N1,120.2
1.60554e+06,N0,120.3
1.60248e+08,N1,120.3
1.60458e+06,N0,120.4
1.60408e+08,N1,120.4
1.60363e+06,N0,120.5
1.60569e+08,N1,120.5
1.60268e+06,N0,120.6
1.6073e+08,N1,120.6
1.60173e+06,N0,120.7
1.6089e+08,N1,120.7
1.60079e+06,N0,120.8
1.61051e+08,N1,120.8
1.59985e+06,N0,120.9
1.61212e+08,N1,120.9
1.59891e+06,N0,121
1.61372e+08,N1,121
1.59797e+06,N0,121.1
1.61533e+08,N1,121.1
1.59704e+06,N0,121.2
1.61693e+08,N1,121.2
1.59611e+06,N0,121.3
1.61854e+08,N1,121.3
1.59518e+06,N0,121.4
1.62015e+08,N1,121.4
1.59426e+06,N0,121.5
1.62175e+08,N1,121.5
1.59334e+06,N0,121.6
1.62336e+08,N1,121.6
1.59242e+06,N0,121.7
1.62497e+08,N1,121.7
1.59151e+06,N0,121.8
1.62657e+08,N1,121.8
1.59059e+06,N0,121.9
1.62818e+08,N1,121.9
1.58968e+06,N0,122
1.62978e+08,N1,122
1.58878e+06,N0,122.1
1.63139e+08,N1,122.1
1.58787e+06,N0,122.2
1.633e+08,N1,122.2
1.58697e+06,N0,122.3
1.6346e+08,N1,122.3
1.58607e+06,N0,122.4
1.63621e+08,N1,122.4
1.58518e+06,N0,122.5
1.63781e+08,N1,122.5
1.58428e+06,N0,122.6
1.63942e+08,N1,122.6
1.58339e+06,N0,122.7
1.64103e+08,N1,122.7
1.58251e+06,N0,122.8
1.64263e+08,N1,122.8
1.58162e+06,N0,122.9
1.64424e+08,N1,122.9
1.58074e+06,N0,123
1.64584e+08,N1,123
1.57986e+06,N0,123.1
1.64745e+08,N1,123.1
1.57898e+06,N0,123.2
1.64906e+08,N1,123.2
1.57811e+06,N0,123.3
1.65066e+08,N1,123.3
1.57724e+06,N0,123.4
1.65227e+08,N1,123.4
1.57637e+06,N0,123.5
1.65387e+08,N1,123.5
1.5755e+06,N0,123.6
1.65548e+08,N1,123.6
1.57464e+06,N0,123.7
1.65709e+08,N1,123.7
1.57378e+06,N0,123.8
1.65869e+08,N1,123.8
1.57292e+06,N0,123.9
1.6603e+08,N1,123.9
1.57206e+06,N0,124
1.6619e+08,N1,124
1.57121e+06,N0,124.1
1.66351e+08,N1,124.1
1.57036e+06,N0,124.2
1.66512e+08,N1,124.2
1.56951e+06,N0,124.3
1.66672e+08,N1,124.3
1.56866e+06,N0,124.4
1.66833e+08,N1,124.4
1.56782e+06,N0,124.5
1.66993e+08,N1,124.5
1.56698e+06,N0,124.6
1.67154e+08,N1,124.6
1.56614e+06,N0,124.7
1.67314e+08,N1,124.7
1.5653e+06,N0,124.8
1.67475e+08,N1,124.8
1.56447e+06,N0,124.9
1.67635e+08,N1,124.9
1.56364e+06,N0,125
1.67796e+08,N1,125
1.56281e+06,N0,125.1
1.67957e+08,N1,125.1
1.56198e+06,N0,125.2
1.68117e+08,N1,125.2
1.56116e+06,N0,125.3
1.68278e+08,N1,125.3
1.56034e+06,N0,125.4
1.68438e+08,N1,125.4
1.55952e+06,N0,125.5
1.68599e+08,N1,125.5
1.5587e+06,N0,125.6
1.68759e+08,N1,125.6
1.55789e+06,N0,125.7
1.6892e+08,N1,125.7
1.55708e+06,N0,125.8
1.69081e+08,N1,125.8
1.55627e+06,N0,125.9
1.69241e+08,N1,125.9
1.55546e+06,N0,126
1.69402e+08,N1,126
1.55466e+06,N0,126.1
1.69562e+08,N1,126.1
1.55385e+06,N0,126.2
1.69723e+08,N1,126.2
1.55305e+06,N0,126.3
1.69883e+08,N1,126.3
1.55226e+06,N0,126.4
1.70044e+08,N1,126.4
1.55146e+06,N0,126.5
1.70204e+08,N1,126.5
1.55067e+06,N0,126.6
1.70365e+08,N1,126.6
1.54988e+06,N0,126.7
1.70525e+08,N1,126.7
1.54909e+06,N0,126.8
1.70686e+08,N1,126.8
1.5483e+06,N0,126.9
1.70846e+08,N1,126.9
1.54752e+06,N0,127
1.71007e+08,N1,127
1.54673e+06,N0,127.1
1.71168e+08,N1,127.1
1.54595e+06,N0,127.2
1.71328e+08,N1,127.2
1.54518e+06,N0,127.3
1.71489e+08,N1,127.3
1.5444e+06,N0,127.4
1.71649e+08,N1,127.4
1.54363e+06,N0,127.5
1.7181e+08,N1,127.5
1.54286e+06,N0,127.6
1.7197e+08,N1,127.6
1.54209e+06,N0,127.7
1.72131e+08,N1,127.7
1.54132e+06,N0,127.8
1.72291e+08,N1,127.8
1.54056e+06,N0,127.9
1.72452e+08,N1,127.9
1.53979e+06,N0,128
1.72612e+08,N1,128
1.53903e+06,N0,128.1
1.72773e+08,N1,128.1
1.53828e+06,N0,128.2
1.72933e+08,N1,128.2
1.53752e+06,N0,128.3
1.73094e+08,N1,128.3
1.53677e+06,N0,128.4
1.73254e+08,N1,128.4
1.53601e+06,N0,128.5
1.73415e+08,N1,128.5
1.53526e+06,N0,128.6
1.73575e+08,N1,128.6
1.53452e+06,N0,128.7
1.73736e+08,N1,128.7
1.53377e+06,N0,128.8
1.73896e+08,N1,128.8
1.53303e+06,N0,128.9
1.74057e+08,N1,128.9
1.53229e+06,N0,129
1.74217e+08,N1,129
1.53155e+06,N0,129.1
1.74378e+08,N1,129.1
1.53081e+06,N0,129.2
1.74538e+08,N1,129.2
1.53007e+06,N0,129.3
1.74699e+08,N1,129.3
1.52934e+06,N0,129.4
1.74859e+08,N1,129.4
1.52861e+06,N0,129.5
1.7502e+08,N1,129.5
1.52788e+06,N0,129.6
1.7518e+08,N1,129.6
1.52715e+06,N0,129.7
1.75341e+08,N1,129.7
1.52643e+06,N0,129.8
1.75501e+08,N1,129.8
1.52571e+06,N0,129.9
1.75662e+08,N1,129.9
1.52498e+06,N0,130
1.75822e+08,N1,130
1.52427e+06,N0,130.1
1.75983e+08,N1,130.1
1.52355e+06,N0,130.2
1.76143e+08,N1,130.2
1.52283e+06,N0,130.3
1.76304e+08,N1,130.3
1.52212e+06,N0,130.4
1.76464e+08,N1,130.4
1.52141e+06,N0,130.5
1.76625e+08,N1,130.5
1.5207e+06,N0,130.6
1.76785e+08,N1,130.6
1.51999e+06,N0,130.7
1.76946e+08,N1,130.7
1.51929e+06,N0,130.8
1.77106e+08,N1,130.8
1.51858e+06,N0,130.9
1.77267e+08,N1,130.9
1.51788e+06,N0,131
1.77427e+08,N1,131
1.51718e+06,N0,131.1
1.77588e+08,N1,131.1
1.51648e+06,N0,131.2
1.77748e+08,N1,131.2
1.51579e+06,N0,131.3
1.77908e+08,N1,131.3
1.51509e+06,N0,131.4
1.78069e+08,N1,131.4
1.5144e+06,N0,131.5
1.78229e+08,N1,131.5
1.51371e+06,N0,131.6
1.7839e+08,N1,131.6
1.51302e+06,N0,131.7
1.7855e+08,N1,131.7
1.51233e+06,N0,131.8
1.78711e+08,N1,131.8
1.51165e+06,N0,131.9
1.78871e+08,N1,131.9
1.51096e+06,N0,132
1.79032e+08,N1,132
1.51028e+06,N0,132.1
1.79192e+08,N1,132.1
1.5096e+06,N0,132.2
1.79353e+08,N1,132.2
1.50893e+06,N0,132.3
1.79513e+08,N1,132.3
1.50825e+06,N0,132.4
1.79674e+08,N1,132.4
1.50758e+06,N0,132.5
1.79834e+08,N1,132.5
1.5069e+06,N0,132.6
1.79994e+08,N1,132.6
1.50623e+06,N0,132.7
1.80155e+08,N1,132.7
1.50556e+06,N0,132.8
1.80315e+08,N1,132.8
1.5049e+06,N0,132.9
1.80476e+08,N1,132.9
1.50423e+06,N0,133
1.80636e+08,N1,133
1.50357e+06,N0,133.1
1.80797e+08,N1,133.1
1.50291e+06,N0,133.2
1.80957e+08,N1,133.2
1.50225e+06,N0,133.3
1.81118e+08,N1,133.3
1.50159e+06,N0,133.4
1.81278e+08,N1,133.4
1.50093e+06,N0,133.5
1.81439e+08,N1,133.5
1.50028e+06,N0,133.6
1.81599e+08,N1,133.6
1.49962e+06,N0,133.7
1.81759e+08,N1,133.7
1.49897e+06,N0,133.8
1.8192e+08,N1,133.8
1.49832e+06,N0,133.9
1.8208e+08,N1,133.9
1.49767e+06,N0,134
1.82241e+08,N1,134
1.49703e+06,N0,134.1
1.82401e+08,N1,134.1
1.49638e+06,N0,134.2
1.82562e+08,N1,134.2
1.49574e+06,N0,134.3
1.82722e+08,N1,134.3
1.4951e+06,N0,134.4
1.82882e+08,N1,134.4
1.49446e+06,N0,134.5
1.83043e+08,N1,134.5
1.49382e+06,N0,134.6
1.83203e+08,N1,134.6
1.49318e+06,N0,134.7
1.83364e+08,N1,134.7
1.49255e+06,N0,134.8
1.83524e+08,N1,134.8
1.49191e+06,N0,134.9
1.83685e+08,N1,134.9
1.49128e+06,N0,135
1.83845e+08,N1,135
1.49065e+06,N0,135.1
1.84005e+08,N1,135.1
1.49002e+06,N0,135.2
1.84166e+08,N1,135.2
1.4894e+06,N0,135.3
1.84326e+08,N1,135.3
1.48877e+06,N0,135.4
1.84487e+08,N1,135.4
1.48815e+06,N0,135.5
1.84647e+08,N1,135.5
1.48753e+06,N0,135.6
1.84808e+08,N1,135.6
1.48691e+06,N0,135.7
1.84968e+08,N1,135.7
1.48629e+06,N0,135.8
1.85128e+08,N1,135.8
1.48567e+06,N0,135.9
1.85289e+08,N1,135.9
1.48505e+06,N0,136
1.85449e+08,N1,136
1.48444e+06,N0,136.1
1.8561e+08,N1,136.1
1.48383e+06,N0,136.2
1.8577e+08,N1,136.2
1.48322e+06,N0,136.3
1.85931e+08,N1,136.3
1.48261e+06,N0,136.4
1.86091e+08,N1,136.4
1.482e+06,N0,136.5
1.86251e+08,N1,136.5
1.48139e+06,N0,136.6
1.86412e+08,N1,136.6
1.48079e+06,N0,136.7
1.86572e+08,N1,136.7
1.48018e+06,N0,136.8
1.86733e+08,N1,136.8
1.47958e+06,N0,136.9
1.86893e+08,N1,136.9
1.47898e+06,N0,137
1.87053e+08,N1,137
1.47838e+06,N0,137.1
1.87214e+08,N1,137.1
1.47778e+06,N0,137.2
1.87374e+08,N1,137.2
1.47719e+06,N0,137.3
1.87535e+08,N1,137.3
1.47659e+06,N0,137.4
1.87695e+08,N1,137.4
1.476e+06,N0,137.5
1.87855e+08,N1,137.5
1.47541e+06,N0,137.6
1.88016e+08,N1,137.6
1.47482e+06,N0,137.7
1.88176e+08,N1,137.7
1.47423e+06,N0,137.8
1.88337e+08,N1,137.8
1.47364e+06,N0,137.9
1.88497e+08,N1,137.9
1.47306e+06,N0,138
1.88657e+08,N1,138
1.47247e+06,N0,138.1
1.88818e+08,N1,138.1
1.47189e+06,N0,138.2
1.88978e+08,N1,138.2
1.47131e+06,N0,138.3
1.89139e+08,N1,138.3
1.47073e+06,N0,138.4
1.89299e+08,N1,138.4
1.47015e+06,N0,138.5
1.89459e+08,N1,138.5
1.46957e+06,N0,138.6
1.8962e+08,N1,138.6
1.469e+06,N0,138.7
1.8978e+08,N1,138.7
1.46842e+06,N0,138.8
1.89941e+08,N1,138.8
1.46785e+06,N0,138.9
1.90101e+08,N1,138.9
1.46728e+06,N0,139
1.90261e+08,N1,139
1.46671e+06,N0,139.1
1.90422e+08,N1,139.1
1.46614e+06,N0,139.2
1.90582e+08,N1,139.2
1.46557e+06,N0,139.3
1.90742e+08,N1,139.3
1.46501e+06,N0,139.4
1.90903e+08,N1,139.4
1.46444e+06,N0,139.5
1.91063e+08,N1,139.5
1.46388e+06,N0,139.6
1.91224e+08,N1,139.6
1.46332e+06,N0,139.7
1.91384e+08,N1,139.7
1.46276e+06,N0,139.8
1.91544e+08,N1,139.8
1.4622e+06,N0,139.9
1.91705e+08,N1,139.9
1.46164e+06,N0,140
1.91865e+08,N1,140
1.46108e+06,N0,140.1
1.92025e+08,N1,140.1
1.46053e+06,N0,140.2
1.92186e+08,N1,140.2
1.45998e+06,N0,140.3
1.92346e+08,N1,140.3
1.45942e+06,N0,140.4
1.92507e+08,N1,140.4
1.45887e+06,N0,140.5
1.92667e+08,N1,140.5
1.45832e+06,N0,140.6
1.92827e+08,N1,140.6
1.45777e+06,N0,140.7
1.92988e+08,N1,140.7
1.45723e+06,N0,140.8
1.93148e+08,N1,140.8
1.45668e+06,N0,140.9
1.93308e+08,N1,140.9
1.45614e+06,N0,141
1.93469e+08,N1,141
1.45559e+06,N0,141.1
1.93629e+08,N1,141.1
1.45505e+06,N0,141.2
1.9379e+08,N1,141.2
1.45451e+06,N0,141.3
1.9395e+08,N1,141.3
1.45397e+06,N0,141.4
1.9411e+08,N1,141.4
1.45343e+06,N0,141.5
1.94271e+08,N1,141.5
1.4529e+06,N0,141.6
1.94431e+08,N1,141.6
1.45236e+06,N0,141.7
1.94591e+08,N1,141.7
1.45183e+06,N0,141.8
1.94752e+08,N1,141.8
1.45129e+06,N0,141.9
1.94912e+08,N1,141.9
1.45076e+06,N0,142
1.95072e+08,N1,142
1.45023e+06,N0,142.1
1.95233e+08,N1,142.1
1.4497e+06,N0,142.2
1.95393e+08,N1,142.2
1.44917e+06,N0,142.3
1.95554e+08,N1,142.3
1.44865e+06,N0,142.4
1.95714e+08,N1,142.4
1.44812e+06,N0,142.5
1.95874e+08,N1,142.5
1.4476e+06,N0,142.6
1.96035e+08,N1,142.6
1.44707e+06,N0,142.7
1.96195e+08,N1,142.7
1.44655e+06,N0,142.8
1.96355e+08,N1,142.8
1.44603e+06,N0,142.9
1.96516e+08,N1,142.9
1.44551e+06,N0,143
1.96676e+08,N1,143
1.44499e+06,N0,143.1
1.96836e+08,N1,143.1
1.44447e+06,N0,143.2
1.96997e+08,N1,143.2
1.44396e+06,N0,143.3
1.97157e+08,N1,143.3
1.44344e+06,N0,143.4
1.97317e+08,N1,143.4
1.44293e+06,N0,143.5
1.97478e+08,N1,143.5
1.44242e+06,N0,143.6
1.97638e+08,N1,143.6
1.44191e+06,N0,143.7
1.97798e+08,N1,143.7
1.4414e+06,N0,143.8
1.97959e+08,N1,143.8
1.44089e+06,N0,143.9
1.98119e+08,N1,143.9
1.44038e+06,N0,144
1.98279e+08,N1,144
1.43987e+06,N0,144.1
1.9844e+08,N1,144.1
1.43937e+06,N0,144.2
1.986e+08,N1,144.2
1.43886e+06,N0,144.3
1.98761e+08,N1,144.3
1.43836e+06,N0,144.4
1.98921e+08,N1,144.4
1.43786e+06,N0,144.5
1.99081e+08,N1,144.5
1.43736e+06,N0,144.6
1.99242e+08,N1,144.6
1.43686e+06,N0,144.7
1.99402e+08,N1,144.7
1.43636e+06,N0,144.8
1.99562e+08,N1,144.8
1.43586e+06,N0,144.9
1.99723e+08,N1,144.9
1.43537e+06,N0,145
1.99883e+08,N1,145
1.43487e+06,N0,145.1
2.00043e+08,N1,145.1
1.43438e+06,N0,145.2
2.00204e+08,N1,145.2
1.43389e+06,N0,145.3
2.00364e+08,N1,145.3
1.43339e+06,N0,145.4
2.00524e+08,N1,145.4
1.4329e+06,N0,145.5
2.00685e+08,N1,145.5
1.43241e+06,N0,145.6
2.00845e+08,N1,145.6
1.43193e+06,N0,145.7
2.01005e+08,N1,145.7
1.43144e+06,N0,145.8
2.01166e+08,N1,145.8
1.43095e+06,N0,145.9
2.01326e+08,N1,145.9
1.43047e+06,N0,146
2.01486e+08,N1,146
1.42998e+06,N0,146.1
2.01647e+08,N1,146.1
1.4295e+06,N0,146.2
2.01807e+08,N1,146.2
1.42902e+06,N0,146.3
2.01967e+08,N1,146.3
1.42854e+06,N0,146.4
2.02128e+08,N1,146.4
1.42806e+06,N0,146.5
2.02288e+08,N1,146.5
1.42758e+06,N0,146.6
2.02448e+08,N1,146.6
1.4271e+06,N0,146.7
2.02608e+08,N1,146.7
1.42663e+06,N0,146.8
2.02769e+08,N1,146.8
1.42615e+06,N0,146.9
2.02929e+08,N1,146.9
1.42568e+06,N0,147
2.03089e+08,N1,147
1.4252e+06,N0,147.1
2.0325e+08,N1,147.1
1.42473e+06,N0,147.2
2.0341e+08,N1,147.2
1.42426e+06,N0,147.3
2.0357e+08,N1,147.3
1.42379e+06,N0,147.4
2.03731e+08,N1,147.4
1.42332e+06,N0,147.5
2.03891e+08,N1,147.5
1.42285e+06,N0,147.6
2.04051e+08,N1,147.6
1.42239e+06,N0,147.7
2.04212e+08,N1,147.7
1.42192e+06,N0,147.8
2.04372e+08,N1,147.8
1.42145e+06,N0,147.9
2.04532e+08,N1,147.9
1.42099e+06,N0,148
2.04693e+08,N1,148
1.42053e+06,N0,148.1
2.04853e+08,N1,148.1
1.42007e+06,N0,148.2
2.05013e+08,N1,148.2
1.4196e+06,N0,148.3
2.05174e+08,N1,148.3
1.41914e+06,N0,148.4
2.05334e+08,N1,148.4
1.41869e+06,N0,148.5
2.05494e+08,N1,148.5
1.41823e+06,N0,148.6
2.05654e+08,N1,148.6
1.41777e+06,N0,148.7
2.05815e+08,N1,148.7
1.41732e+06,N0,148.8
2.05975e+08,N1,148.8
1.41686e+06,N0,148.9
2.06135e+08,N1,148.9
1.41641e+06,N0,149
2.06296e+08,N1,149
1.41595e+06,N0,149.1
2.06456e+08,N1,149.1
1.4155e+06,N0,149.2
2.06616e+08,N1,149.2
1.41505e+06,N0,149.3
2.06777e+08,N1,149.3
1.4146e+06,N0,149.4
2.06937e+08,N1,149.4
1.41415e+06,N0,149.5
2.07097e+08,N1,149.5
1.4137e+06,N0,149.6
2.07258e+08,N1,149.6
1.41326e+06,N0,149.7
2.07418e+08,N1,149.7
1.41281e+06,N0,149.8
2.07578e+08,N1,149.8
1.41237e+06,N0,149.9
2.07738e+08,N1,149.9
1.41192e+06,N0,150
2.07899e+08,N1,150
1.41148e+06,N0,150.1
2.08059e+08,N1,150.1
1.41104e+06,N0,150.2
2.08219e+08,N1,150.2
1.41059e+06,N0,150.3
2.0838e+08,N1,150.3
1.41015e+06,N0,150.4
2.0854e+08,N1,150.4
1.40971e+06,N0,150.5
2.087e+08,N1,150.5
1.40928e+06,N0,150.6
2.08861e+08,N1,150.6
1.40884e+06,N0,150.7
2.09021e+08,N1,150.7
1.4084e+06,N0,150.8
2.09181e+08,N1,150.8
1.40797e+06,N0,150.9
2.09341e+08,N1,150.9
1.40753e+06,N0,151
2.09502e+08,N1,151
